title,images,colors,material,size,PRODUCT_FEATURES,description,0,1,2,3,4,5,6,7,8,Desi,bullet,keywords,manufacturer,UK ID,AU ID,MX ID,TR ID,AE ID,SG ID,JP ID,CA ID,US ID,IT ID,FR ID,ES ID,PL ID,NL ID,DE ID,BG ID,SE ID
Urban Mat - Floor Front Door Modern Decorative Mat,1,multicolor,Polyester,43x3x73,Non-Slip Base,"Since coir mats are produced from natural materials with traditional methods, they may leave fibers in the first use, but this is temporary.
Coir mats are recommended to be used indoors and in dry environments.
Do not wash, do not leave in wet environments.
Width: 43 cm
Length: 3cm
Height: 73cm",,163,163,169,,169,186,181,188,2,It has a non-slip base. = It is used for a long time. = It is a product that will look stylish in front of your door.,state; rug; mop; ground; location; non-slip; polyester; woman; house; building; front door; tyre; digital printing; home; gate; male; shop; wood; patterned,eWorldPartner,107109251,,,,,,,,,731803031,2818670031,2822843031,20853363031,22523564031,359299031,27898522031,20650590031
Hope Mat - Floor Front Door Stylish Decorative Mat,2,brown,Polyester,23x4x53,Non-Slip Base,"Since coir mats are produced from natural materials with traditional methods, they may leave fibers in the first use, but this is temporary.
Coir mats are recommended to be used indoors and in dry environments.
Do not wash, do not leave in wet environments.
Width: 23 cm
Length: 4cm
Height: 53cm",,70,70,75,,75,90,85,95,1,It can be used easily in every place. = Easy to clean. = The sole is durable and non-slip.,carpet; mop; rug; ground; location; non-slip; polyester; woman; house; building; front door; tyre; digital printing; home; gate; male; shop; wood; patterned,eWorldPartner,107109251,,,,,,,,,731803031,2818670031,2822843031,20853363031,22523564031,359299031,27898522031,20650590031
Beach Mat - Floor Front Door Handmade Decorative Mat,3,multicolor,Polyester,43x3x73,Non-Slip Base,"Since coir mats are produced from natural materials with traditional methods, they may leave fibers in the first use, but this is temporary.
Coir mats are recommended to be used indoors and in dry environments.
Do not wash, do not leave in wet environments.
Width: 43 cm
Length: 3cm
Height: 73cm",,163,163,169,,169,186,181,188,2,It is suitable for indoor and outdoor and provides a decorative image. = The product will add a sophisticated and modern air to your home.,non-slip sole; rug; mop; ground; location; state; polyester; woman; house; building; front door; tyre; digital printing; home; gate; male; shop; wood; patterned,eWorldPartner,107109251,,,,,,,,,731803031,2818670031,2822843031,20853363031,22523564031,359299031,27898522031,20650590031
Leaf Mat - Floor Front Door Elegant Decorative Mat,4,multicolor,Polyester,43x3x73,Non-Slip Base,"Since coir mats are produced from natural materials with traditional methods, they may leave fibers in the first use, but this is temporary.
Coir mats are recommended to be used indoors and in dry environments.
Do not wash, do not leave in wet environments.
Width: 43 cm
Length: 3cm
Height: 73cm",,163,163,169,,169,186,181,188,2,It is a multi-purpose mop. = It is decorative. = Patterns are specially designed.,front door; rug; mop; ground; location; state; polyester; woman; house; building; non-slip sole; tyre; digital printing; home; gate; male; shop; wood; patterned,eWorldPartner,107109251,,,,,,,,,731803031,2818670031,2822843031,20853363031,22523564031,359299031,27898522031,20650590031
Bicycle Mat - Floor Front Door Multipurpose Decorative Mat,5,multicolor,Polyester,43x3x73,Non-Slip Base,"Since coir mats are produced from natural materials with traditional methods, they may leave fibers in the first use, but this is temporary.
Coir mats are recommended to be used indoors and in dry environments.
Do not wash, do not leave in wet environments.
Width: 43 cm
Length: 3cm
Height: 73cm",,163,163,169,,169,186,181,188,2,"The special fabric on it traps dust and dirt. = It does not trap water, moisture and bad odors. = You can wash it with water.",shop; rug; mop; ground; Location; state; polyester; woman; house; building; non-slip sole; tyre; digital printing; home; gate; male; front door; wood; patterned,eWorldPartner,107109251,,,,,,,,,731803031,2818670031,2822843031,20853363031,22523564031,359299031,27898522031,20650590031
Owl Mat - Floor Front Door Special Decorative Mat,6,multicolor,Polyester,43x3x73,Non-Slip Base,"Since coir mats are produced from natural materials with traditional methods, they may leave fibers in the first use, but this is temporary.
Coir mats are recommended to be used indoors and in dry environments.
Do not wash, do not leave in wet environments.
Width: 43 cm
Length: 3cm
Height: 73cm",,163,163,169,,169,186,181,188,2,"Thanks to its weight, it is resistant to negative factors. = It is long lasting. = It has a non-slip base.",patterned; state; mop; ground; Location; rug; polyester; woman; house; building; non-slip sole; tyre; digital printing; home; gate; male; front door; wood; shop,eWorldPartner,107109251,,,,,,,,,731803031,2818670031,2822843031,20853363031,22523564031,359299031,27898522031,20650590031
Cactus Mat - Floor Front Door Modern Decorative Mat,7,multicolor,Polyester,43x3x73,Non-Slip Base,"Since coir mats are produced from natural materials with traditional methods, they may leave fibers in the first use, but this is temporary.
Coir mats are recommended to be used indoors and in dry environments.
Do not wash, do not leave in wet environments.
Width: 43 cm
Length: 3cm
Height: 73cm",,163,163,169,,169,186,181,188,2,It has a non-slip base. = It is used for a long time. = It is a product that will look stylish in front of your door.,home; state; mop; ground; Location; rug; polyester; woman; house; building; non-slip sole; tyre; digital printing; patterned; gate; male; front door; wood; shop,eWorldPartner,107109251,,,,,,,,,731803031,2818670031,2822843031,20853363031,22523564031,359299031,27898522031,20650590031
Ladybug Mat - Floor Front Door Stylish Decorative Mat,8,multicolor,Polyester,43x3x73,Non-Slip Base,"Since coir mats are produced from natural materials with traditional methods, they may leave fibers in the first use, but this is temporary.
Coir mats are recommended to be used indoors and in dry environments.
Do not wash, do not leave in wet environments.
Width: 43 cm
Length: 3cm
Height: 73cm",,163,163,169,,169,186,181,188,2,It can be used easily in every place. = Easy to clean. = The sole is durable and non-slip.,gate; carpet; mop; ground; Location; rug; polyester; woman; house; building; non-slip sole; tyre; digital printing; patterned; home; male; front door; wood; shop,eWorldPartner,107109251,,,,,,,,,731803031,2818670031,2822843031,20853363031,22523564031,359299031,27898522031,20650590031
Cat And Home Mat - Floor Front Door Handmade Decorative Mat,9,multicolor,Polyester,43x3x73,Non-Slip Base,"Since coir mats are produced from natural materials with traditional methods, they may leave fibers in the first use, but this is temporary.
Coir mats are recommended to be used indoors and in dry environments.
Do not wash, do not leave in wet environments.
Width: 43 cm
Length: 3cm
Height: 73cm",,163,163,169,,169,186,181,188,2,It is suitable for indoor and outdoor and provides a decorative image. = The product will add a sophisticated and modern air to your home.,door; carpet; mop; ground; Location; rug; polyester; woman; house; building; non-slip sole; tyre; digital printing; patterned; home; male; front door; wood; shop,eWorldPartner,107109251,,,,,,,,,731803031,2818670031,2822843031,20853363031,22523564031,359299031,27898522031,20650590031
Amsterdam Mat - Floor Front Door Elegant Decorative Mat,10,multicolor,Polyester,43x3x73,Non-Slip Base,"Since coir mats are produced from natural materials with traditional methods, they may leave fibers in the first use, but this is temporary.
Coir mats are recommended to be used indoors and in dry environments.
Do not wash, do not leave in wet environments.
Width: 43 cm
Length: 3cm
Height: 73cm",,163,163,169,,169,186,181,188,2,It is a multi-purpose mop. = It is decorative. = Patterns are specially designed.,state; rug; mop; ground; Location; non-slip; polyester; woman; house; building; front door; tyre; digital printing; home; gate; male; shop; wood; patterned,eWorldPartner,107109251,,,,,,,,,731803031,2818670031,2822843031,20853363031,22523564031,359299031,27898522031,20650590031
Roses Mat - Floor Front Door Multipurpose Decorative Mat,11,multicolor,Polyester,43x3x73,Non-Slip Base,"Since coir mats are produced from natural materials with traditional methods, they may leave fibers in the first use, but this is temporary.
Coir mats are recommended to be used indoors and in dry environments.
Do not wash, do not leave in wet environments.
Width: 43 cm
Length: 3cm
Height: 73cm",,163,163,169,,169,186,181,188,2,"The special fabric on it traps dust and dirt. = It does not trap water, moisture and bad odors. = You can wash it with water.",carpet; mop; rug; ground; location; non-slip; polyester; woman; house; building; front door; tyre; digital printing; home; gate; male; shop; wood; patterned,eWorldPartner,107109251,,,,,,,,,731803031,2818670031,2822843031,20853363031,22523564031,359299031,27898522031,20650590031
Happy Family Mat - Floor Front Door Special Decorative Mat,12,multicolor,Polyester,43x3x73,Non-Slip Base,"Since coir mats are produced from natural materials with traditional methods, they may leave fibers in the first use, but this is temporary.
Coir mats are recommended to be used indoors and in dry environments.
Do not wash, do not leave in wet environments.
Width: 43 cm
Length: 3cm
Height: 73cm",,163,163,169,,169,186,181,188,2,"Thanks to its weight, it is resistant to negative factors. = It is long lasting. = It has a non-slip base.",non-slip sole; rug; mop; ground; Location; state; polyester; woman; house; building; front door; tyre; digital printing; home; gate; male; shop; wood; patterned,eWorldPartner,107109251,,,,,,,,,731803031,2818670031,2822843031,20853363031,22523564031,359299031,27898522031,20650590031
Family And Cat Mat - Floor Front Door Modern Decorative Mat,13,multicolor,Polyester,43x3x73,Non-Slip Base,"Since coir mats are produced from natural materials with traditional methods, they may leave fibers in the first use, but this is temporary.
Coir mats are recommended to be used indoors and in dry environments.
Do not wash, do not leave in wet environments.
Width: 43 cm
Length: 3cm
Height: 73cm",,163,163,169,,169,186,181,188,2,The dehumidifier mats perfectly absorb the dust and moisture from the feet. = It keeps you safe thanks to its non-slip sole. = It can be easily cleaned with water.,front door; rug; mop; ground; Location; state; polyester; woman; house; building; non-slip sole; tyre; digital printing; home; gate; male; shop; wood; patterned,eWorldPartner,107109251,,,,,,,,,731803031,2818670031,2822843031,20853363031,22523564031,359299031,27898522031,20650590031
Very Colorful Mat - Floor Front Door Stylish Decorative Mat,14,multicolor,Polyester,45x3x70,Non-Slip Base,"Easy to clean.
It gives you confidence with its quality and non-slip sole.
It is suitable for indoor and outdoor use.
It is long lasting.
Width: 45cm
Length: 3cm
Height: 70 cm",,88,88,94,,94,111,106,115,2,It has a non-slip base. = It is used for a long time. = It is a product that will look stylish in front of your door.,state; rug; mop; ground; Location; non-slip; polyester; woman; house; building; front door; tyre; digital printing; home; gate; male; shop; wood; patterned,eWorldPartner,107109251,,,,,,,,,731803031,2818670031,2822843031,20853363031,22523564031,359299031,27898522031,20650590031
Serenita Mat - Floor Front Door Handmade Decorative Mat,15,multicolor,Polyester,45x3x70,Non-Slip Base,"Easy to clean.
It gives you confidence with its quality and non-slip sole.
It is suitable for indoor and outdoor use.
It is long lasting.
Width: 45cm
Length: 3cm
Height: 70 cm",,88,88,94,,94,111,106,115,2,It can be used easily in every place. = Easy to clean. = The sole is durable and non-slip.,carpet; mop; rug; ground; Location; non-slip; polyester; woman; house; building; front door; tyre; digital printing; home; gate; male; shop; wood; patterned,eWorldPartner,107109251,,,,,,,,,731803031,2818670031,2822843031,20853363031,22523564031,359299031,27898522031,20650590031
International Mat - Floor Front Door Elegant Decorative Mat,16,multicolor,Polyester,45x3x70,Non-Slip Base,"Easy to clean.
It gives you confidence with its quality and non-slip sole.
It is suitable for indoor and outdoor use.
It is long lasting.
Width: 45cm
Length: 3cm
Height: 70 cm",,88,88,94,,94,111,106,115,2,It is suitable for indoor and outdoor and provides a decorative image. = The product will add a sophisticated and modern air to your home.,non-slip sole; rug; mop; ground; Location; state; polyester; woman; house; building; front door; tyre; digital printing; home; gate; male; shop; wood; patterned,eWorldPartner,107109251,,,,,,,,,731803031,2818670031,2822843031,20853363031,22523564031,359299031,27898522031,20650590031
Airport Mat - Floor Front Door Multipurpose Decorative Mat,17,multicolor,Polyester,45x3x70,Non-Slip Base,"Easy to clean.
It gives you confidence with its quality and non-slip sole.
It is suitable for indoor and outdoor use.
It is long lasting.
Width: 45cm
Length: 3cm
Height: 70 cm",,88,88,94,,94,111,106,115,2,It is a multi-purpose mop. = It is decorative. = Patterns are specially designed.,front door; rug; mop; ground; Location; state; polyester; woman; house; building; non-slip sole; tyre; digital printing; home; gate; male; shop; wood; patterned,eWorldPartner,107109251,,,,,,,,,731803031,2818670031,2822843031,20853363031,22523564031,359299031,27898522031,20650590031
Galaxy Mat - Floor Front Door Special Decorative Mat,18,multicolor,Polyester,45x3x70,Non-Slip Base,"Easy to clean.
It gives you confidence with its quality and non-slip sole.
It is suitable for indoor and outdoor use.
It is long lasting.
Width: 45cm
Length: 3cm
Height: 70 cm",,88,88,94,,94,111,106,115,2,"The special fabric on it traps dust and dirt. = It does not trap water, moisture and bad odors. = You can wash it with water.",shop; rug; mop; ground; Location; state; polyester; woman; house; building; non-slip sole; tyre; digital printing; home; gate; male; front door; wood; patterned,eWorldPartner,107109251,,,,,,,,,731803031,2818670031,2822843031,20853363031,22523564031,359299031,27898522031,20650590031
Leopard Mat - Floor Front Door Modern Decorative Mat,19,multicolor,Polyester,45x3x70,Non-Slip Base,"Easy to clean.
It gives you confidence with its quality and non-slip sole.
It is suitable for indoor and outdoor use.
It is long lasting.
Width: 45cm
Length: 3cm
Height: 70 cm",,88,88,94,,94,111,106,115,2,"Thanks to its weight, it is resistant to negative factors. = It is long lasting. = It has a non-slip base.",patterned; state; mop; ground; Location; rug; polyester; woman; house; building; non-slip sole; tyre; digital printing; home; gate; male; front door; wood; shop,eWorldPartner,107109251,,,,,,,,,731803031,2818670031,2822843031,20853363031,22523564031,359299031,27898522031,20650590031
Cone Mat - Floor Front Door Stylish Decorative Mat,20,multicolor,Polyester,45x3x70,Non-Slip Base,"Easy to clean.
It gives you confidence with its quality and non-slip sole.
It is suitable for indoor and outdoor use.
It is long lasting.
Width: 45cm
Length: 3cm
Height: 70 cm",,88,88,94,,94,111,106,115,2,It has a non-slip base. = It is used for a long time. = It is a product that will look stylish in front of your door.,home; state; mop; ground; Location; rug; polyester; woman; house; building; non-slip sole; tyre; digital printing; patterned; gate; male; front door; wood; shop,eWorldPartner,107109251,,,,,,,,,731803031,2818670031,2822843031,20853363031,22523564031,359299031,27898522031,20650590031
Fall Mat - Floor Front Door Handmade Decorative Mat,21,multicolor,Polyester,45x3x70,Non-Slip Base,"Easy to clean.
It gives you confidence with its quality and non-slip sole.
It is suitable for indoor and outdoor use.
It is long lasting.
Width: 45cm
Length: 3cm
Height: 70 cm",,88,88,94,,94,111,106,115,2,It can be used easily in every place. = Easy to clean. = The sole is durable and non-slip.,gate; carpet; mop; ground; Location; rug; polyester; woman; house; building; non-slip sole; tyre; digital printing; patterned; home; male; front door; wood; shop,eWorldPartner,107109251,,,,,,,,,731803031,2818670031,2822843031,20853363031,22523564031,359299031,27898522031,20650590031
Ibiza Mat - Floor Front Door Elegant Decorative Mat,22,multicolor,Polyester,45x3x70,Non-Slip Base,"Easy to clean.
It gives you confidence with its quality and non-slip sole.
It is suitable for indoor and outdoor use.
It is long lasting.
Width: 45cm
Length: 3cm
Height: 70 cm",,88,88,94,,94,111,106,115,2,It is suitable for indoor and outdoor and provides a decorative image. = The product will add a sophisticated and modern air to your home.,door; carpet; mop; ground; Location; rug; polyester; woman; house; building; non-slip sole; tyre; digital printing; patterned; home; male; front door; wood; shop,eWorldPartner,107109251,,,,,,,,,731803031,2818670031,2822843031,20853363031,22523564031,359299031,27898522031,20650590031
Strega Mat - Floor Front Door Multipurpose Decorative Mat,23,multicolor,Polyester,45x3x70,Non-Slip Base,"Easy to clean.
It gives you confidence with its quality and non-slip sole.
It is suitable for indoor and outdoor use.
It is long lasting.
Width: 45cm
Length: 3cm
Height: 70 cm",,88,88,94,,94,111,106,115,2,It is a multi-purpose mop. = It is decorative. = Patterns are specially designed.,state; rug; mop; ground; Location; non-slip; polyester; woman; house; building; front door; tyre; digital printing; home; gate; male; shop; wood; patterned,eWorldPartner,107109251,,,,,,,,,731803031,2818670031,2822843031,20853363031,22523564031,359299031,27898522031,20650590031
Dore Mat - Floor Front Door Special Decorative Mat,24,multicolor,Polyester,45x3x70,Non-Slip Base,"Easy to clean.
It gives you confidence with its quality and non-slip sole.
It is suitable for indoor and outdoor use.
It is long lasting.
Width: 45cm
Length: 3cm
Height: 70 cm",,88,88,94,,94,111,106,115,2,"The special fabric on it traps dust and dirt. = It does not trap water, moisture and bad odors. = You can wash it with water.",carpet; mop; rug; ground; Location; non-slip; polyester; woman; house; building; front door; tyre; digital printing; home; gate; male; shop; wood; patterned,eWorldPartner,107109251,,,,,,,,,731803031,2818670031,2822843031,20853363031,22523564031,359299031,27898522031,20650590031
Leaf Casting Mat - Floor Front Door Modern Decorative Mat,25,multicolor,Polyester,45x3x70,Non-Slip Base,"Easy to clean.
It gives you confidence with its quality and non-slip sole.
It is suitable for indoor and outdoor use.
It is long lasting.
Width: 45cm
Length: 3cm
Height: 70 cm",,88,88,94,,94,111,106,115,2,"Thanks to its weight, it is resistant to negative factors. = It is long lasting. = It has a non-slip base.",non-slip sole; rug; mop; ground; Location; state; polyester; woman; house; building; front door; tyre; digital printing; home; gate; male; shop; wood; patterned,eWorldPartner,107109251,,,,,,,,,731803031,2818670031,2822843031,20853363031,22523564031,359299031,27898522031,20650590031
Black Cat Mat - Floor Front Door Stylish Decorative Mat,26,multicolor,Polyester,45x3x70,Non-Slip Base,"Easy to clean.
It gives you confidence with its quality and non-slip sole.
It is suitable for indoor and outdoor use.
It is long lasting.
Width: 45cm
Length: 3cm
Height: 70 cm",,88,88,94,,94,111,106,115,2,The dehumidifier mats perfectly absorb the dust and moisture from the feet. = It keeps you safe thanks to its non-slip sole. = It can be easily cleaned with water.,front door; rug; mop; ground; Location; state; polyester; woman; house; building; non-slip sole; tyre; digital printing; home; gate; male; shop; wood; patterned; sweet,eWorldPartner,107109251,,,,,,,,,731803031,2818670031,2822843031,20853363031,22523564031,359299031,27898522031,20650590031
Flower Garden Mat - Floor Front Door Handmade Decorative Mat,27,multicolor,Polyester,45x3x70,Non-Slip Base,"Easy to clean.
It gives you confidence with its quality and non-slip sole.
It is suitable for indoor and outdoor use.
It is long lasting.
Width: 45cm
Length: 3cm
Height: 70 cm",,88,88,94,,94,111,106,115,2,It has a non-slip base. = It is used for a long time. = It is a product that will look stylish in front of your door.,state; rug; mop; ground; Location; non-slip; polyester; woman; house; building; front door; tyre; digital printing; home; gate; male; shop; wood; patterned,eWorldPartner,107109251,,,,,,,,,731803031,2818670031,2822843031,20853363031,22523564031,359299031,27898522031,20650590031
Like Dogs Mat - Floor Front Door Elegant Decorative Mat,28,multicolor,Polyester,45x3x70,Non-Slip Base,"Easy to clean.
It gives you confidence with its quality and non-slip sole.
It is suitable for indoor and outdoor use.
It is long lasting.
Width: 45cm
Length: 3cm
Height: 70 cm",,88,88,94,,94,111,106,115,2,It can be used easily in every place. = Easy to clean. = The sole is durable and non-slip.,carpet; mop; rug; ground; Location; non-slip; polyester; woman; house; building; front door; tyre; digital printing; home; gate; male; shop; wood; patterned,eWorldPartner,107109251,,,,,,,,,731803031,2818670031,2822843031,20853363031,22523564031,359299031,27898522031,20650590031
Pvc Aragonit Mat - Floor Front Door Multipurpose Decorative Mat,29,multicolor,Polyester,45x3x70,Non-Slip Base,"Easy to clean.
It gives you confidence with its quality and non-slip sole.
It is suitable for indoor and outdoor use.
It is long lasting.
Width: 45cm
Length: 3cm
Height: 70 cm",,88,88,94,,94,111,106,115,2,It is suitable for indoor and outdoor and provides a decorative image. = The product will add a sophisticated and modern air to your home.,non-slip sole; rug; mop; ground; Location; state; polyester; woman; house; building; front door; tyre; digital printing; home; gate; male; shop; wood; patterned,eWorldPartner,107109251,,,,,,,,,731803031,2818670031,2822843031,20853363031,22523564031,359299031,27898522031,20650590031
Pvc Brush Mat - Floor Front Door Special Decorative Mat,30,multicolor,Polyester,45x3x70,Non-Slip Base,"Easy to clean.
It gives you confidence with its quality and non-slip sole.
It is suitable for indoor and outdoor use.
It is long lasting.
Width: 45cm
Length: 3cm
Height: 70 cm",,88,88,94,,94,111,106,115,2,It is a multi-purpose mop. = It is decorative. = Patterns are specially designed.,front door; rug; mop; ground; Location; state; polyester; woman; house; building; non-slip sole; tyre; digital printing; home; gate; male; shop; wood; patterned,eWorldPartner,107109251,,,,,,,,,731803031,2818670031,2822843031,20853363031,22523564031,359299031,27898522031,20650590031
Pvc Faint Mat - Floor Front Door Modern Decorative Mat,31,multicolor,Polyester,45x3x70,Non-Slip Base,"Easy to clean.
It gives you confidence with its quality and non-slip sole.
It is suitable for indoor and outdoor use.
It is long lasting.
Width: 45cm
Length: 3cm
Height: 70 cm",,88,88,94,,94,111,106,115,2,"The special fabric on it traps dust and dirt. = It does not trap water, moisture and bad odors. = You can wash it with water.",shop; rug; mop; ground; Location; state; polyester; woman; house; building; non-slip sole; tyre; digital printing; home; gate; male; front door; wood; patterned,eWorldPartner,107109251,,,,,,,,,731803031,2818670031,2822843031,20853363031,22523564031,359299031,27898522031,20650590031
Pvc Gestalt Mat - Floor Front Door Stylish Decorative Mat,32,multicolor,Polyester,45x3x70,Non-Slip Base,"Easy to clean.
It gives you confidence with its quality and non-slip sole.
It is suitable for indoor and outdoor use.
It is long lasting.
Width: 45cm
Length: 3cm
Height: 70 cm",,88,88,94,,94,111,106,115,2,"Thanks to its weight, it is resistant to negative factors. = It is long lasting. = It has a non-slip base.",patterned; state; mop; ground; Location; rug; polyester; woman; house; building; non-slip sole; tyre; digital printing; home; gate; male; front door; wood; shop,eWorldPartner,107109251,,,,,,,,,731803031,2818670031,2822843031,20853363031,22523564031,359299031,27898522031,20650590031
Pvc Apmonia Mat - Floor Front Door Handmade Decorative Mat,33,multicolor,Polyester,45x3x70,Non-Slip Base,"Easy to clean.
It gives you confidence with its quality and non-slip sole.
It is suitable for indoor and outdoor use.
It is long lasting.
Width: 45cm
Length: 3cm
Height: 70 cm",,88,88,94,,94,111,106,115,2,It has a non-slip base. = It is used for a long time. = It is a product that will look stylish in front of your door.,home; state; mop; ground; Location; rug; polyester; woman; house; building; non-slip sole; tyre; digital printing; patterned; gate; male; front door; wood; shop; sweet,eWorldPartner,107109251,,,,,,,,,731803031,2818670031,2822843031,20853363031,22523564031,359299031,27898522031,20650590031
Pvc Thorn Mat - Floor Front Door Elegant Decorative Mat,34,multicolor,Polyester,45x3x70,Non-Slip Base,"Easy to clean.
It gives you confidence with its quality and non-slip sole.
It is suitable for indoor and outdoor use.
It is long lasting.
Width: 45cm
Length: 3cm
Height: 70 cm",,88,88,94,,94,111,106,115,2,It can be used easily in every place. = Easy to clean. = The sole is durable and non-slip.,gate; carpet; mop; ground; Location; rug; polyester; woman; house; building; non-slip sole; tyre; digital printing; patterned; home; male; front door; wood; shop,eWorldPartner,107109251,,,,,,,,,731803031,2818670031,2822843031,20853363031,22523564031,359299031,27898522031,20650590031
Pvc Spina Cactus Mat - Floor Front Door Multipurpose Decorative Mat,35,multicolor,Polyester,45x3x70,Non-Slip Base,"Easy to clean.
It gives you confidence with its quality and non-slip sole.
It is suitable for indoor and outdoor use.
It is long lasting.
Width: 45cm
Length: 3cm
Height: 70 cm",,88,88,94,,94,111,106,115,2,It is suitable for indoor and outdoor and provides a decorative image. = The product will add a sophisticated and modern air to your home.,door; carpet; mop; ground; Location; rug; polyester; woman; house; building; non-slip sole; tyre; digital printing; patterned; home; male; front door; wood; shop,eWorldPartner,107109251,,,,,,,,,731803031,2818670031,2822843031,20853363031,22523564031,359299031,27898522031,20650590031
Coco Cadre Natural Mat - Floor Front Door Special Decorative Mat,"36,37",multicolor,Polyester,40x3x60,Non-Slip Base,"It has a mat surface made of natural coconut yarn.
Can be used indoors or outdoors.
It is quite sturdy and durable.
It can be used for many years.
It is a natural product.
It offers an aesthetic appearance.
Easy to clean.
Width: 40cm
Length: 3cm
Height: 60cm",,115,115,120,,120,137,132,139,2,It is a multi-purpose mop. = It is decorative. = Patterns are specially designed.,state; rug; mop; ground; Location; non-slip; polyester; woman; house; building; front door; tyre; digital printing; home; gate; male; shop; wood; patterned,eWorldPartner,107109251,,,,,,,,,731803031,2818670031,2822843031,20853363031,22523564031,359299031,27898522031,20650590031
Coco Ricamato Natural Mat - Floor Front Door Modern Decorative Mat,"38,39",multicolor,Polyester,40x3x60,Non-Slip Base,"It has a mat surface made of natural coconut yarn.
Can be used indoors or outdoors.
It is quite sturdy and durable.
It can be used for many years.
It is a natural product.
It offers an aesthetic appearance.
Easy to clean.
Width: 40cm
Length: 3cm
Height: 60cm",,115,115,120,,120,137,132,139,2,"The special fabric on it traps dust and dirt. = It does not trap water, moisture and bad odors. = You can wash it with water.",carpet; mop; rug; ground; Location; non-slip; polyester; woman; house; building; front door; tyre; digital printing; home; gate; male; shop; wood; patterned,eWorldPartner,107109251,,,,,,,,,731803031,2818670031,2822843031,20853363031,22523564031,359299031,27898522031,20650590031
Coco Syringa Natural Mat - Floor Front Door Stylish Decorative Mat,"40,41",multicolor,Polyester,40x3x60,Non-Slip Base,"It has a mat surface made of natural coconut yarn.
Can be used indoors or outdoors.
It is quite sturdy and durable.
It can be used for many years.
It is a natural product.
It offers an aesthetic appearance.
Easy to clean.
Width: 40cm
Length: 3cm
Height: 60cm",,115,115,120,,120,137,132,139,2,"Thanks to its weight, it is resistant to negative factors. = It is long lasting. = It has a non-slip base.",non-slip sole; rug; mop; ground; Location; state; polyester; woman; house; building; front door; tyre; digital printing; home; gate; male; shop; wood; patterned,eWorldPartner,107109251,,,,,,,,,731803031,2818670031,2822843031,20853363031,22523564031,359299031,27898522031,20650590031
Coco Coccinella Natural Mat - Floor Front Door Handmade Decorative Mat,"42,43",multicolor,Polyester,40x3x60,Non-Slip Base,"It has a mat surface made of natural coconut yarn.
Can be used indoors or outdoors.
It is quite sturdy and durable.
It can be used for many years.
It is a natural product.
It offers an aesthetic appearance.
Easy to clean.
Width: 40cm
Length: 3cm
Height: 60cm",,115,115,120,,120,137,132,139,2,The dehumidifier mats perfectly absorb the dust and moisture from the feet. = It keeps you safe thanks to its non-slip sole. = It can be easily cleaned with water.,front door; rug; mop; ground; Location; state; polyester; woman; house; building; non-slip sole; tyre; digital printing; home; gate; male; shop; wood; patterned,eWorldPartner,107109251,,,,,,,,,731803031,2818670031,2822843031,20853363031,22523564031,359299031,27898522031,20650590031
Coco Decorativo Natural Mat - Floor Front Door Elegant Decorative Mat,"44,45",multicolor,Polyester,40x3x60,Non-Slip Base,"It has a mat surface made of natural coconut yarn.
Can be used indoors or outdoors.
It is quite sturdy and durable.
It can be used for many years.
It is a natural product.
It offers an aesthetic appearance.
Easy to clean.
Width: 40cm
Length: 3cm
Height: 60cm",,115,115,120,,120,137,132,139,2,It has a non-slip base. = It is used for a long time. = It is a product that will look stylish in front of your door.,state; rug; mop; ground; Location; non-slip; polyester; woman; house; building; front door; tyre; digital printing; home; gate; male; shop; wood; patterned; sweet,eWorldPartner,107109251,,,,,,,,,731803031,2818670031,2822843031,20853363031,22523564031,359299031,27898522031,20650590031
Coco Obliquum Natural Mat - Floor Front Door Multipurpose Decorative Mat,"46,47",multicolor,Polyester,40x3x60,Non-Slip Base,"It has a mat surface made of natural coconut yarn.
Can be used indoors or outdoors.
It is quite sturdy and durable.
It can be used for many years.
It is a natural product.
It offers an aesthetic appearance.
Easy to clean.
Width: 40cm
Length: 3cm
Height: 60cm",,115,115,120,,120,137,132,139,2,It can be used easily in every place. = Easy to clean. = The sole is durable and non-slip.,carpet; mop; rug; ground; Location; non-slip; polyester; woman; house; building; front door; tyre; digital printing; home; gate; male; shop; wood; patterned,eWorldPartner,107109251,,,,,,,,,731803031,2818670031,2822843031,20853363031,22523564031,359299031,27898522031,20650590031
Coco Vercesa Natural Mat - Floor Front Door Special Decorative Mat,"48,49",multicolor,Polyester,40x3x60,Non-Slip Base,"It has a mat surface made of natural coconut yarn.
Can be used indoors or outdoors.
It is quite sturdy and durable.
It can be used for many years.
It is a natural product.
It offers an aesthetic appearance.
Easy to clean.
Width: 40cm
Length: 3cm
Height: 60cm",,115,115,120,,120,137,132,139,2,It is suitable for indoor and outdoor and provides a decorative image. = The product will add a sophisticated and modern air to your home.,non-slip sole; rug; mop; ground; Location; state; polyester; woman; house; building; front door; tyre; digital printing; home; gate; male; shop; wood; patterned,eWorldPartner,107109251,,,,,,,,,731803031,2818670031,2822843031,20853363031,22523564031,359299031,27898522031,20650590031
Coco Vario Natural Mat - Floor Front Door Modern Decorative Mat,"50,51",multicolor,Polyester,40x3x60,Non-Slip Base,"It has a mat surface made of natural coconut yarn.
Can be used indoors or outdoors.
It is quite sturdy and durable.
It can be used for many years.
It is a natural product.
It offers an aesthetic appearance.
Easy to clean.
Width: 40cm
Length: 3cm
Height: 60cm",,115,115,120,,120,137,132,139,2,It is a multi-purpose mop. = It is decorative. = Patterns are specially designed.,front door; rug; mop; ground; Location; state; polyester; woman; house; building; non-slip sole; tyre; digital printing; home; gate; male; shop; wood; patterned,eWorldPartner,107109251,,,,,,,,,731803031,2818670031,2822843031,20853363031,22523564031,359299031,27898522031,20650590031
Coco Sole Natural Mat - Floor Front Door Stylish Decorative Mat,"52,53",multicolor,Polyester,40x3x60,Non-Slip Base,"It has a mat surface made of natural coconut yarn.
Can be used indoors or outdoors.
It is quite sturdy and durable.
It can be used for many years.
It is a natural product.
It offers an aesthetic appearance.
Easy to clean.
Width: 40cm
Length: 3cm
Height: 60cm",,115,115,120,,120,137,132,139,2,"The special fabric on it traps dust and dirt. = It does not trap water, moisture and bad odors. = You can wash it with water.",shop; rug; mop; ground; Location; state; polyester; woman; house; building; non-slip sole; tyre; digital printing; home; gate; male; front door; wood; patterned,eWorldPartner,107109251,,,,,,,,,731803031,2818670031,2822843031,20853363031,22523564031,359299031,27898522031,20650590031
Coco Pompons Natural Mat - Floor Front Door Handmade Decorative Mat,"54,55",multicolor,Polyester,40x3x60,Non-Slip Base,"It has a mat surface made of natural coconut yarn.
Can be used indoors or outdoors.
It is quite sturdy and durable.
It can be used for many years.
It is a natural product.
It offers an aesthetic appearance.
Easy to clean.
Width: 40cm
Length: 3cm
Height: 60cm",,115,115,120,,120,137,132,139,2,"Thanks to its weight, it is resistant to negative factors. = It is long lasting. = It has a non-slip base.",patterned; state; mop; ground; Location; rug; polyester; woman; house; building; non-slip sole; tyre; digital printing; home; gate; male; front door; wood; shop,eWorldPartner,107109251,,,,,,,,,731803031,2818670031,2822843031,20853363031,22523564031,359299031,27898522031,20650590031
Coco Poltrona Natural Mat - Floor Front Door Elegant Decorative Mat,"56,57",multicolor,Polyester,40x3x60,Non-Slip Base,"It has a mat surface made of natural coconut yarn.
Can be used indoors or outdoors.
It is quite sturdy and durable.
It can be used for many years.
It is a natural product.
It offers an aesthetic appearance.
Easy to clean.
Width: 40cm
Length: 3cm
Height: 60cm",,115,115,120,,120,137,132,139,2,It has a non-slip base. = It is used for a long time. = It is a product that will look stylish in front of your door.,home; state; mop; ground; Location; rug; polyester; woman; house; building; non-slip sole; tyre; digital printing; patterned; gate; male; front door; wood; shop,eWorldPartner,107109251,,,,,,,,,731803031,2818670031,2822843031,20853363031,22523564031,359299031,27898522031,20650590031
Coco Vindula Natural Mat - Floor Front Door Multipurpose Decorative Mat,"58,59",multicolor,Polyester,40x3x60,Non-Slip Base,"It has a mat surface made of natural coconut yarn.
Can be used indoors or outdoors.
It is quite sturdy and durable.
It can be used for many years.
It is a natural product.
It offers an aesthetic appearance.
Easy to clean.
Width: 40cm
Length: 3cm
Height: 60cm",,115,115,120,,120,137,132,139,2,It can be used easily in every place. = Easy to clean. = The sole is durable and non-slip.,gate; carpet; mop; ground; Location; rug; polyester; woman; house; building; non-slip sole; tyre; digital printing; patterned; home; male; front door; wood; shop,eWorldPartner,107109251,,,,,,,,,731803031,2818670031,2822843031,20853363031,22523564031,359299031,27898522031,20650590031
Coco Sloth Natural Mat - Floor Front Door Special Decorative Mat,"60,61",multicolor,Polyester,40x3x60,Non-Slip Base,"It has a mat surface made of natural coconut yarn.
Can be used indoors or outdoors.
It is quite sturdy and durable.
It can be used for many years.
It is a natural product.
It offers an aesthetic appearance.
Easy to clean.
Width: 40cm
Length: 3cm
Height: 60cm",,115,115,120,,120,137,132,139,2,It is suitable for indoor and outdoor and provides a decorative image. = The product will add a sophisticated and modern air to your home.,door; carpet; mop; ground; Location; rug; polyester; woman; house; building; non-slip sole; tyre; digital printing; patterned; home; male; front door; wood; shop,eWorldPartner,107109251,,,,,,,,,731803031,2818670031,2822843031,20853363031,22523564031,359299031,27898522031,20650590031
Coco Hamsa Natural Mat - Floor Front Door Modern Decorative Mat,"62,63",multicolor,Polyester,40x3x60,Non-Slip Base,"It has a mat surface made of natural coconut yarn.
Can be used indoors or outdoors.
It is quite sturdy and durable.
It can be used for many years.
It is a natural product.
It offers an aesthetic appearance.
Easy to clean.
Width: 40cm
Length: 3cm
Height: 60cm",,115,115,120,,120,137,132,139,2,It has a non-slip base. = It is used for a long time. = It is a product that will look stylish in front of your door.,state; rug; mop; ground; Location; non-slip; polyester; woman; house; building; front door; tyre; digital printing; home; gate; male; shop; wood; patterned; sweet,eWorldPartner,107109251,,,,,,,,,731803031,2818670031,2822843031,20853363031,22523564031,359299031,27898522031,20650590031
Coco Colors Natural Mat - Floor Front Door Stylish Decorative Mat,"64,65",multicolor,Polyester,40x3x60,Non-Slip Base,"It has a mat surface made of natural coconut yarn.
Can be used indoors or outdoors.
It is quite sturdy and durable.
It can be used for many years.
It is a natural product.
It offers an aesthetic appearance.
Easy to clean.
Width: 40cm
Length: 3cm
Height: 60cm",,115,115,120,,120,137,132,139,2,It can be used easily in every place. = Easy to clean. = The sole is durable and non-slip.,carpet; mop; rug; ground; Location; non-slip; polyester; woman; house; building; front door; tyre; digital printing; home; gate; male; shop; wood; patterned,eWorldPartner,107109251,,,,,,,,,731803031,2818670031,2822843031,20853363031,22523564031,359299031,27898522031,20650590031
Coco Remove Natural Mat - Floor Front Door Handmade Decorative Mat,"66,67",multicolor,Polyester,40x3x60,Non-Slip Base,"It has a mat surface made of natural coconut yarn.
Can be used indoors or outdoors.
It is quite sturdy and durable.
It can be used for many years.
It is a natural product.
It offers an aesthetic appearance.
Easy to clean.
Width: 40cm
Length: 3cm
Height: 60cm",,115,115,120,,120,137,132,139,2,It is suitable for indoor and outdoor and provides a decorative image. = The product will add a sophisticated and modern air to your home.,non-slip sole; rug; mop; ground; Location; state; polyester; woman; house; building; front door; tyre; digital printing; home; gate; male; shop; wood; patterned,eWorldPartner,107109251,,,,,,,,,731803031,2818670031,2822843031,20853363031,22523564031,359299031,27898522031,20650590031
Coco Red Ladybug Natural Mat - Floor Front Door Elegant Decorative Mat,"68,69",multicolor,Polyester,40x3x60,Non-Slip Base,"It has a mat surface made of natural coconut yarn.
Can be used indoors or outdoors.
It is quite sturdy and durable.
It can be used for many years.
It is a natural product.
It offers an aesthetic appearance.
Easy to clean.
Width: 40cm
Length: 3cm
Height: 60cm",,115,115,120,,120,137,132,139,2,It is a multi-purpose mop. = It is decorative. = Patterns are specially designed.,front door; rug; mop; ground; Location; state; polyester; woman; house; building; non-slip sole; tyre; digital printing; home; gate; male; shop; wood; patterned,eWorldPartner,107109251,,,,,,,,,731803031,2818670031,2822843031,20853363031,22523564031,359299031,27898522031,20650590031
Coco Love Barcode Natural Mat - Floor Front Door Multipurpose Decorative Mat,"70,71",multicolor,Polyester,40x3x60,Non-Slip Base,"It has a mat surface made of natural coconut yarn.
Can be used indoors or outdoors.
It is quite sturdy and durable.
It can be used for many years.
It is a natural product.
It offers an aesthetic appearance.
Easy to clean.
Width: 40cm
Length: 3cm
Height: 60cm",,115,115,120,,120,137,132,139,2,"The special fabric on it traps dust and dirt. = It does not trap water, moisture and bad odors. = You can wash it with water.",shop; rug; mop; ground; Location; state; polyester; woman; house; building; non-slip sole; tyre; digital printing; home; gate; male; front door; wood; patterned; sweet,eWorldPartner,107109251,,,,,,,,,731803031,2818670031,2822843031,20853363031,22523564031,359299031,27898522031,20650590031
Coco Dry Branch Natural Mat - Floor Front Door Special Decorative Mat,"72,73",multicolor,Polyester,40x3x60,Non-Slip Base,"It has a mat surface made of natural coconut yarn.
Can be used indoors or outdoors.
It is quite sturdy and durable.
It can be used for many years.
It is a natural product.
It offers an aesthetic appearance.
Easy to clean.
Width: 40cm
Length: 3cm
Height: 60cm",,115,115,120,,120,137,132,139,2,"Thanks to its weight, it is resistant to negative factors. = It is long lasting. = It has a non-slip base.",patterned; state; mop; ground; Location; rug; polyester; woman; house; building; non-slip sole; tyre; digital printing; home; gate; male; front door; wood; shop,eWorldPartner,107109251,,,,,,,,,731803031,2818670031,2822843031,20853363031,22523564031,359299031,27898522031,20650590031
Coco Red Asteraceae Natural Mat - Floor Front Door Modern Decorative Mat,"74,75",multicolor,Polyester,40x3x60,Non-Slip Base,"It has a mat surface made of natural coconut yarn.
Can be used indoors or outdoors.
It is quite sturdy and durable.
It can be used for many years.
It is a natural product.
It offers an aesthetic appearance.
Easy to clean.
Width: 40cm
Length: 3cm
Height: 60cm",,115,115,120,,120,137,132,139,2,It has a non-slip base. = It is used for a long time. = It is a product that will look stylish in front of your door.,home; state; mop; ground; Location; rug; polyester; woman; house; building; non-slip sole; tyre; digital printing; patterned; gate; male; front door; wood; shop,eWorldPartner,107109251,,,,,,,,,731803031,2818670031,2822843031,20853363031,22523564031,359299031,27898522031,20650590031
Italian Format Good Luck Mat - Floor Front Door Sytlish Decorative Mat,"76,77",,Polyester,40x3x70,Non-Slip Base,"It is quite sturdy and durable.
Can be used indoors or outdoors.
It can be used for many years.
It has a mat surface made of natural coconut yarn.
It offers an aesthetic appearance.
Easy to clean.
Width: 40cm
Length: 3cm
Height: 70 cm",,135,135,141,,141,158,153,160,2,It can be used easily in every place. = Easy to clean. = The sole is durable and non-slip.,gate; carpet; mop; ground; Location; rug; polyester; woman; house; building; non-slip sole; tyre; digital printing; patterned; home; male; front door; wood; shop,eWorldPartner,107109251,,,,,,,,,731803031,2818670031,2822843031,20853363031,22523564031,359299031,27898522031,20650590031
Italian Format Butterfly Printed Mat - Floor Front Door Elegant Decorative Mat,"78,79",,Polyester,40x3x70,Non-Slip Base,"It is quite sturdy and durable.
Can be used indoors or outdoors.
It can be used for many years.
It has a mat surface made of natural coconut yarn.
It offers an aesthetic appearance.
Easy to clean.
Width: 40cm
Length: 3cm
Height: 70 cm",,135,135,141,,141,158,153,160,2,It is suitable for indoor and outdoor and provides a decorative image. = The product will add a sophisticated and modern air to your home.,door; carpet; mop; ground; Location; rug; polyester; woman; house; building; non-slip sole; tyre; digital printing; patterned; home; male; front door; wood; shop,eWorldPartner,107109251,,,,,,,,,731803031,2818670031,2822843031,20853363031,22523564031,359299031,27898522031,20650590031
Italian Format Striped Cat Mat - Floor Front Door Multipurpose Decorative Mat,"80,81",,Polyester,40x3x70,Non-Slip Base,"It is quite sturdy and durable.
Can be used indoors or outdoors.
It can be used for many years.
It has a mat surface made of natural coconut yarn.
It offers an aesthetic appearance.
Easy to clean.
Width: 40cm
Length: 3cm
Height: 70 cm",,135,135,141,,141,158,153,160,2,It is a multi-purpose mop. = It is decorative. = Patterns are specially designed.,state; rug; mop; ground; Location; non-slip; polyester; woman; house; building; front door; tyre; digital printing; home; gate; male; shop; wood; patterned,eWorldPartner,107109251,,,,,,,,,731803031,2818670031,2822843031,20853363031,22523564031,359299031,27898522031,20650590031
Italian Format Colorful Butterflies Mat - Floor Front Door Special Decorative Mat,"82,83",,Polyester,40x3x70,Non-Slip Base,"It is quite sturdy and durable.
Can be used indoors or outdoors.
It can be used for many years.
It has a mat surface made of natural coconut yarn.
It offers an aesthetic appearance.
Easy to clean.
Width: 40cm
Length: 3cm
Height: 70 cm",,135,135,141,,141,158,153,160,2,"The special fabric on it traps dust and dirt. = It does not trap water, moisture and bad odors. = You can wash it with water.",carpet; mop; rug; ground; location; non-slip; polyester; woman; house; building; front door; tyre; digital printing; home; gate; male; shop; wood; patterned,eWorldPartner,107109251,,,,,,,,,731803031,2818670031,2822843031,20853363031,22523564031,359299031,27898522031,20650590031
Italian Format Welcome Home Mat - Floor Front Door Modern Decorative Mat,84,,Polyester,40x3x70,Non-Slip Base,"It is quite sturdy and durable.
Can be used indoors or outdoors.
It can be used for many years.
It has a mat surface made of natural coconut yarn.
It offers an aesthetic appearance.
Easy to clean.
Width: 40cm
Length: 3cm
Height: 70 cm",,135,135,141,,141,158,153,160,2,"Thanks to its weight, it is resistant to negative factors. = It is long lasting. = It has a non-slip base.",non-slip sole; rug; mop; ground; Location; state; polyester; woman; house; building; front door; tyre; digital printing; home; gate; male; shop; wood; patterned,eWorldPartner,107109251,,,,,,,,,731803031,2818670031,2822843031,20853363031,22523564031,359299031,27898522031,20650590031
