title,images,colors,material,size,pieces,description,0,1,2,3,4,5,6,7,8,Desi,bullet,keywords,manufacturer,UK ID,AU ID,MX ID,TR ID,AE ID,SG ID,JP ID,CA ID,US item_type_keyword,IT ID,FR ID,ES ID,PL ID,NL ID,DE ID,BG ID,SE ID,item type name
Lampshade Indoor Green Lampshade Modern Home Lighting Indoor Light 30x48 Bedroom Decorative Lampshade,1,green,wooden,30x30x48,1,"The design is wooden lampshade.
Made from linden wood.
You can easily use it in every corner of your home.
It has a modern and stylish design.
It is decorated with geometric pieces.
Product dimensions are 30x48 cm.",,456,456,485,,485,525,516,557,9,You can use it in many corners of your home. = You can clean it with a damp cloth. = It can be carried easily.,design; modern; stylish; wood; linden; lighting; lampshade; home decoration; lamp; library; study room; bedroom; decorative; living room; personal belongings; furniture,eWorldpartner,10709351,4989981051,9886302011,,,6935687051,2134007051,3130309011,lampshades,1904591031,248382031,4204460031,2078592031,16454252031,248311031,27646922031,20637623031,"Lampshade, Lighting"
Lampshade Table Top Lamp Home Accessory Lighting Modern Indoor Lampshade 30x48 Decorative Wooden Lampshade,2,green,wooden,30x30x48,1,"The design is wooden lampshade.
Made from linden wood.
You can easily use it in every corner of your home.
It has a modern and stylish design.
It is decorated with geometric pieces.
Product dimensions are 30x45 cm.",,488,488,517,,517,557,548,589,9,It is produced as a special design.= You can use it in many corners of your home. = You can clean it with a damp cloth.,design; modern; stylish; wood; linden; lighting; lampshade; home decoration; lamp; library; study room; bedroom; decorative; living room; personal belongings; furniture,eWorldpartner,10709351,4989981051,9886302011,,,6935687051,2134007051,3130309011,lampshades,1904591031,248382031,4204460031,2078592031,16454252031,248311031,27646922031,20637623031,"Lampshade, Lighting"
Lampshade Modern Wooden Decorative Home Decoration Lamp Indoor Lighting Design Table Top Lampshade,3,colourfull,porcelain,30x30x45,1,"The design is wooden lampshade.
It is a colorful product.
It is easy to clean.
You can easily use it in every corner of your home.
It has a modern and stylish design.
It is decorated with geometric pieces.
Product dimensions are 30x45 cm.",,862,862,891,,891,931,922,963,9,It can be cleaned with a damp cloth.= Easy to install.= It is a modern design.,design; modern; stylish; wood; lighting; lampshade; home decoration; lamp; library; study room; bedroom; decorative; living room; personal belongings; furniture; orange,eWorldpartner,10709351,4989981051,9886302011,,,6935687051,2134007051,3130309011,lampshades,1904591031,248382031,4204460031,2078592031,16454252031,248311031,27646922031,20637623031,"Lampshade, Lighting"
Lampshade Wooden Stylish Home Decor Indoor Lighting  Study Room Decorative Lampshade,4,brown,wooden,30x30x52,1,"The design is wooden lampshade.
It is a colorful product.
It is easy to clean.
You can easily use it in every corner of your home.
It has a modern and stylish design.
It is decorated with geometric pieces.
Product dimensions are 30x52 cm.",,566,566,596,,596,638,629,674,10,It is produced as a special design.= You can use it in many corners of your home. = You can clean it with a damp cloth.,design; modern; stylish; wood; linden; lighting; lampshade; home decoration; lamp; library; study room; bedroom; decorative; living room; personal belongings; furniture,eWorldpartner,10709351,4989981051,9886302011,,,6935687051,2134007051,3130309011,lampshades,1904591031,248382031,4204460031,2078592031,16454252031,248311031,27646922031,20637623031,"Lampshade, Lighting"
Lampshade Porcelain Desing Lighting Home Decoration Living Room Indoor Table Lampshade,6,orange,porcelain,30x30x55,1,"The design is wooden lampshade.
It is a colorful product.
It is easy to clean.
You can easily use it in every corner of your home.
It has a modern and stylish design.
It is decorated with geometric pattern painting.
Product dimensions are 30x55 cm.",,1028,1028,1059,,1059,1104,1094,1140,11,You can clean it with a damp cloth.= Easy to carry.= It will add color to your home with its colors.,modern; stylish; geometric; home decoration; house; decorative; lampshade; lighting; lamp; living room; bedroom; study room; design; decorative; colourful; home lighting; sconce,eWorldpartner,10709351,4989981051,9886302011,,,6935687051,2134007051,3130309011,lampshades,1904591031,248382031,4204460031,2078592031,16454252031,248311031,27646922031,20637623031,"Lampshade, Lighting"
Lampshade Wooden Stylish Home Decor Indoor Lighting  Study Room Decorative Lampshade,5,gray,wooden,30x30x52,1,"The design is wooden lampshade.
It is a colorful product.
It is easy to clean.
You can easily use it in every corner of your home.
It has a modern and stylish design.
It is decorated with geometric pieces.
Product dimensions are 30x52 cm.",,566,566,596,,596,638,629,674,10,It is produced as a special design.= You can use it in many corners of your home. = You can clean it with a damp cloth.,design; modern; stylish; wood; linden; lighting; lampshade; home decoration; lamp; library; study room; bedroom; decorative; living room; personal belongings; furniture,eWorldpartner,10709351,4989981051,9886302011,,,6935687051,2134007051,3130309011,lampshades,1904591031,248382031,4204460031,2078592031,16454252031,248311031,27646922031,20637623031,"Lampshade, Lighting"
Lampshade Indoor Table Lighting Modern Colorful Lamp Home Decor  30x56 cm Decorative Lampshade,7,colourfull,porcelain,30x30x56,1,"The design is wooden lampshade.
It is a colorful product.
It is easy to clean.
You can easily use it in every corner of your home.
It has a modern and stylish design.
It is decorated with geometric pattern painting.
Product dimensions are 30x55 cm.",,1028,1028,1059,,1059,1104,1094,1140,11,It can be cleaned with a damp cloth.= Easy to install.= It is a modern design.,modern; stylish; geometric; home decoration; house; decorative; lampshade; lighting; lamp; living room; bedroom; study room; design; decorative; colourful; home lighting; sconce,eWorldpartner,10709351,4989981051,9886302011,,,6935687051,2134007051,3130309011,lampshades,1904591031,248382031,4204460031,2078592031,16454252031,248311031,27646922031,20637623031,"Lampshade, Lighting"
Lampshade Modern Stylish Table Light 30x45 cm Indoor Living Room Decorative Lampshade,8,colourfull,porcelain,30x30x45,1,"The design is wooden lampshade.
It is a colorful product.
It is easy to clean.
You can easily use it in every corner of your home.
It has a modern and stylish design.
It is decorated with geometric pieces.
Product dimensions are 30x45 cm.",,862,862,891,,891,931,922,963,9,You can use it in many corners of your home. = You can clean it with a damp cloth. = It can be carried easily.,design; modern; stylish; wood; lighting; lampshade; home decoration; lamp; library; study room; bedroom; decorative; living room; personal belongings; furniture; orange,eWorldpartner,10709351,4989981051,9886302011,,,6935687051,2134007051,3130309011,lampshades,1904591031,248382031,4204460031,2078592031,16454252031,248311031,27646922031,20637623031,"Lampshade, Lighting"
Lampshade Decoration Lighting Table Lamp Living Room Porcelain Decorative Cleanable Lampshade,9,colourfull,porcelain,30x30x52,1,"The design is wooden lampshade.
It is a colorful product.
It is easy to clean.
You can easily use it in every corner of your home.
It has a modern and stylish design.
It is decorated with geometric pieces.
Product dimensions are 30x52 cm.",,1060,1060,1090,,1090,1132,1123,168,10,Easy to clean.= It is a modern and stylish design.= It will add elegance to your living room.,stylish; modern; wood; lighting; lampshade; home decoration; lamp; library; study room; bedroom; decorative; living room; personal belongings; furniture; black,eWorldpartner,10709351,4989981051,9886302011,,,6935687051,2134007051,3130309011,lampshades,1904591031,248382031,4204460031,2078592031,16454252031,248311031,27646922031,20637623031,"Lampshade, Lighting"
Lampshade Home Decoration 30x45 Stylish Lighting Modern Decorative Cleanable Lampshade,10,colourfull,porcelain,30x30x45,1,"The design is wooden lampshade.
It is a colorful product.
It is easy to clean.
You can easily use it in every corner of your home.
It has a modern and stylish design.
It is decorated with geometric pieces.
Product dimensions are 30x45 cm.",,478,478,508,,508,550,541,586,10,You can clean it with a damp cloth.= Easy to carry.= It will add color to your home with its colors.,modern; stylish; geometric; home decoration; house; decorative; lampshade; lighting; lamp; living room; bedroom; study room; design; decorative; colourful; home lighting; sconce,eWorldpartner,10709351,4989981051,9886302011,,,6935687051,2134007051,3130309011,lampshades,1904591031,248382031,4204460031,2078592031,16454252031,248311031,27646922031,20637623031,"Lampshade, Lighting"
Lampshade Home Indoor Lighting Living Room Table Lamp Modern  Decorative Black Wooden Lampshade,11,black,wooden,30x30x45,1,"The design is wooden lampshade.
It is a colorful product.
It is easy to clean.
You can easily use it in every corner of your home.
It has a modern and stylish design.
It is decorated with geometric pieces.
Product dimensions are 30x45 cm.",,474,474,502,,502,542,534,575,9,Ligthting a large area.= The light does not disturb you while reading.= You can place it anywhere in your home.,lampshade; stylish; modern; wood; lighting; home decoration; lamp; library; study room; bedroom; decorative; living room; personal belongings; furniture; black; kitchen,eWorldpartner,10709351,4989981051,9886302011,,,6935687051,2134007051,3130309011,lampshades,1904591031,248382031,4204460031,2078592031,16454252031,248311031,27646922031,20637623031,"Lampshade, Lighting"
Lampshade Home Indoor Lighting Living Room Table Lamp Modern  Decorative Wooden Blue 30x45 Cm Lampshade,12,blue,wooden,30x30x45,1,"The design is wooden lampshade.
It is a colorful product.
It is easy to clean.
You can easily use it in every corner of your home.
It has a modern and stylish design.
It is decorated with geometric pieces.
Product dimensions are 30x45 cm.",,474,474,502,,502,542,534,575,9,Ligthting a large area.= The light does not disturb you while reading.= You can place it anywhere in your home.,lampshade; stylish; modern; wood; lighting; home decoration; lamp; library; study room; bedroom; decorative; living room; personal belongings; furniture; black; kitchen,eWorldpartner,10709351,4989981051,9886302011,,,6935687051,2134007051,3130309011,lampshades,1904591031,248382031,4204460031,2078592031,16454252031,248311031,27646922031,20637623031,"Lampshade, Lighting"
Lampshade Modern Lighting Glass Desing Table Lamb Living Room Cleanable Decorative 30x45 Cm Lampshade,14,glass,glass,30x30x45,1,"The blue lampshade is made of wood.
The body part of the product, which is white, is produced with glass.
It is a colorful product.
It is easy to clean.
You can easily use it in every corner of your home.
It has a modern and stylish design.
Product dimensions are 30x45 cm.",,527,52,556,,556,596,587,628,9,You can clean it with a damp cloth = It has a modern design. = You can put it anywhere in your home.,lampshade; stylish; modern; wood; lighting; home decoration; lamp; library; study room; bedroom; decorative; living room; personal belongings; furniture; pine; kitchen,eWorldpartner,10709351,4989981051,9886302011,,,6935687051,2134007051,3130309011,lampshades,1904591031,248382031,4204460031,2078592031,16454252031,248311031,27646922031,20637623031,"Lampshade, Lighting"
Lampshade Modern Lighting Glass Desing Table Lamb Living Room Cleanable Decorative Blue 30x45 Cm Lampshade,13,blue,glass,30x30x45,1,"The blue lampshade is made of wood.
The body part of the product, which is white, is produced with glass.
It is a colorful product.
It is easy to clean.
You can easily use it in every corner of your home.
It has a modern and stylish design.
Product dimensions are 30x45 cm.",,527,52,556,,556,596,587,628,9,You can clean it with a damp cloth = It has a modern design. = You can put it anywhere in your home.,lampshade; stylish; modern; wood; lighting; home decoration; lamp; library; study room; bedroom; decorative; living room; personal belongings; furniture; pine; kitchen,eWorldpartner,10709351,4989981051,9886302011,,,6935687051,2134007051,3130309011,lampshades,1904591031,248382031,4204460031,2078592031,16454252031,248311031,27646922031,20637623031,"Lampshade, Lighting"
Lampshade Decorative Lighting Stylish Wooden Lamp Home Decorative Table Cleanable Lampshade,15,red,wooden,30x30x45,1,"The design is wooden lampshade.
It is a colorful product.
It is easy to clean.
You can easily use it in every corner of your home.
It has a modern and stylish design.
Product dimensions are 30x45 cm.",,598,598,627,,627,667,658,699,9,It can be cleaned with a damp cloth.= Easy to install.= It is a modern design.,modern; stylish; geometric; home decoration; house; decorative; lampshade; lighting; lamp; living room; bedroom; study room; design; decorative; colourful; home lighting; sconce,eWorldpartner,10709351,4989981051,9886302011,,,6935687051,2134007051,3130309011,lampshades,1904591031,248382031,4204460031,2078592031,16454252031,248311031,27646922031,20637623031,"Lampshade, Lighting"
Lampshade Modern Stylish Bedroom Glass Lampshade Home Decor Light Decorative Lampshade 18x20 cm,16,white,glass,18x18x20,1,"The design is glass lampshade.
It is a product that you can easily put on your bedside.
It is easy to clean.
You can easily use it in every corner of your home.
It has a modern and stylish design.
Product dimensions are 18x20 cm.",,220,220,226,,226,243,238,245,2,You can clean it with a damp cloth. = You can put it in the bedroom. = It is a stylish product.,modern; stylish; geometric; home decoration; house; decorative; lampshade; lighting; lamp; living room; bedroom; study room; design; decorative; colourful; home lighting; sconce,eWorldpartner,10709351,4989981051,9886302011,,,6935687051,2134007051,3130309011,lampshades,1904591031,248382031,4204460031,2078592031,16454252031,248311031,27646922031,20637623031,"Lampshade, Lighting"
Lampshade Modern Indoor Lighting Wooden Design Table Lamp Light Cleanable Decorative White 30x45 Cm Lampshade ,17,white,wooden,30x30x45,1,"The design is glass lampshade.
It is a product that you can easily put on your bedside.
It will add elegance and color to your home.
It is easy to clean.
You can easily use it in every corner of your home.
It has a modern and stylish design.
Product dimensions are 30x45 cm.",,702,702,732,,732,772,763,804,9,It is produced as a special design.= You can use it in many corners of your home. = You can clean it with a damp cloth.,design; modern; stylish; wood; linden; lighting; lampshade; home decoration; lamp; library; study room; bedroom; decorative; living room; personal belongings; furniture,eWorldpartner,10709351,4989981051,9886302011,,,6935687051,2134007051,3130309011,lampshades,1904591031,248382031,4204460031,2078592031,16454252031,248311031,27646922031,20637623031,"Lampshade, Lighting"
Lampshade Modern Indoor Lighting Wooden Design Table Lamp Light Cleanable Decorative Black 30x45 Cm Lampshade ,18,black,wooden,30x30x45,1,"The design is glass lampshade.
It is a product that you can easily put on your bedside.
It will add elegance and color to your home.
It is easy to clean.
You can easily use it in every corner of your home.
It has a modern and stylish design.
Product dimensions are 30x45 cm.",,702,702,732,,732,772,763,804,9,It is produced as a special design.= You can use it in many corners of your home. = You can clean it with a damp cloth.,design; modern; stylish; wood; linden; lighting; lampshade; home decoration; lamp; library; study room; bedroom; decorative; living room; personal belongings; furniture,eWorldpartner,10709351,4989981051,9886302011,,,6935687051,2134007051,3130309011,lampshades,1904591031,248382031,4204460031,2078592031,16454252031,248311031,27646922031,20637623031,"Lampshade, Lighting"
Lampshade Gold Desing Table Lamp Modern Home Decor Lighting Metal Decorative Lampshade,"19,21",gold,metal,25x25x48,1,"The design consists of a metal body.
You can easily use it in your library and study room.
It will add elegance and color to your home.
It is easy to clean.
You can easily use it in every corner of your home.
It has a modern and stylish design.
Product dimensions are 25x48 cm.",,660,660,688,,688,723,716,746,8,It is made of metal.= It has a modern design.= It can be cleaned easily.,lampshade; metal; modern; stylish; geometric; home decoration; house; decorative; lighting; lamp; living room; bedroom; study room; design; decorative; colourful; home lighting;,eWorldpartner,10709351,4989981051,9886302011,,,6935687051,2134007051,3130309011,lampshades,1904591031,248382031,4204460031,2078592031,16454252031,248311031,27646922031,20637623031,"Lampshade, Lighting"
Lampshade Modern Gold Lamp Living Room Decoration Light Indoor Stylish Cleanable Lampshade,"20,21",gold,metal,28x28x46,1,"The design consists of a metal body.
You can easily use it in your library and study room.
It will add elegance and color to your home.
It is easy to clean.
You can easily use it in every corner of your home.
It has a modern and stylish design.
Product dimensions are 26x48 cm.",,435,435,464,,464,501,493,528,8,It can be cleaned with a damp cloth.= Easy to install.= It is a modern design.,lampshade; metal; modern; stylish; geometric; home decoration; house; decorative; lighting; lamp; living room; bedroom; study room; design; decorative; colourful; home lighting;,eWorldpartner,10709351,4989981051,9886302011,,,6935687051,2134007051,3130309011,lampshades,1904591031,248382031,4204460031,2078592031,16454252031,248311031,27646922031,20637623031,"Lampshade, Lighting"
Lampshade Indoor Stylish Light Home Desing Table Lighting 28x48 cm Yellow Decorative Lampshade,24,yellow,wooden,28x28x48,1,"The design consists of a wooden body.
It will add elegance and color to your home.
It is easy to clean.
You can easily use it in every corner of your home.
It has a modern and stylish design.
Product dimensions are 28x48 cm.",,456,456,485,,485,525,516,557,9,It is made of metal.= It has a modern design.= It can be cleaned easily.,stylish; modern; wood; lighting; lampshade; home decoration; lamp; library; study room; bedroom; decorative; living room; personal belongings; furniture; black,eWorldpartner,10709351,4989981051,9886302011,,,6935687051,2134007051,3130309011,lampshades,1904591031,248382031,4204460031,2078592031,16454252031,248311031,27646922031,20637623031,"Lampshade, Lighting"
Lampshade Indoor Stylish Light Home Desing Table Lighting 28x48 cm Brown Decorative Lampshade,27,brown,wooden,28x28x48,1,"The design consists of a wooden body.
It will add elegance and color to your home.
It is easy to clean.
You can easily use it in every corner of your home.
It has a modern and stylish design.
Product dimensions are 28x48 cm.",,456,456,485,,485,525,516,557,9,It is made of metal.= It has a modern design.= It can be cleaned easily.,stylish; modern; wood; lighting; lampshade; home decoration; lamp; library; study room; bedroom; decorative; living room; personal belongings; furniture; black,eWorldpartner,10709351,4989981051,9886302011,,,6935687051,2134007051,3130309011,lampshades,1904591031,248382031,4204460031,2078592031,16454252031,248311031,27646922031,20637623031,"Lampshade, Lighting"
Lampshade Indoor Stylish Light Home Desing Table Lighting 28x48 cm Green Decorative Lampshade,29,green,wooden,28x28x48,1,"The design consists of a wooden body.
It will add elegance and color to your home.
It is easy to clean.
You can easily use it in every corner of your home.
It has a modern and stylish design.
Product dimensions are 28x48 cm.",,456,456,485,,485,525,516,557,9,It is made of metal.= It has a modern design.= It can be cleaned easily.,stylish; modern; wood; lighting; lampshade; home decoration; lamp; library; study room; bedroom; decorative; living room; personal belongings; furniture; black,eWorldpartner,10709351,4989981051,9886302011,,,6935687051,2134007051,3130309011,lampshades,1904591031,248382031,4204460031,2078592031,16454252031,248311031,27646922031,20637623031,"Lampshade, Lighting"
Lampshade Wooden Desing Table Lighting Modern Decoration Lamp Cleanable Decorative Lampshade,31,brown,wooden,28x28x55,1,"The design consists of a wooden body.
It will add elegance and color to your home.
It is easy to clean.
You can easily use it in every corner of your home.
It has a modern and stylish design.
Product dimensions are 28x55 cm.",,496,496,526,,526,568,559,604,10,It is produced as a special design.= You can use it in many corners of your home. = You can clean it with a damp cloth.,design; modern; stylish; wood; linden; lighting; lampshade; home decoration; lamp; library; study room; bedroom; decorative; living room; personal belongings; furniture,eWorldpartner,10709351,4989981051,9886302011,,,6935687051,2134007051,3130309011,lampshades,1904591031,248382031,4204460031,2078592031,16454252031,248311031,27646922031,20637623031,"Lampshade, Lighting"
Lampshade Indoor Wooden Lamp Modern Home Lampshade Night Light 28x60 Cm Black Decorative Lampshade,39,black,wooden,28x28x60,1,"The design consists of a wooden body.
It will add elegance and color to your home.
It is easy to clean.
You can easily use it in every corner of your home.
It has a modern and stylish design.
Product dimensions are 28x60 cm.",,531,531,561,,561,603,594,639,9,You can clean it with a damp cloth. = You can put it in the bedroom. = It is a stylish product.,lampshade; stylish; modern; wood; lighting; home decoration; lamp; library; study room; bedroom; decorative; living room; personal belongings; furniture; pine; kitchen,eWorldpartner,10709351,4989981051,9886302011,,,6935687051,2134007051,3130309011,lampshades,1904591031,248382031,4204460031,2078592031,16454252031,248311031,27646922031,20637623031,"Lampshade, Lighting"
Lampshade Indoor Wooden Lamp Modern Home Lampshade Night Light 28x60 Cm Brown Decorative Lampshade,37,brown,wooden,28x28x60,1,"The design consists of a wooden body.
It will add elegance and color to your home.
It is easy to clean.
You can easily use it in every corner of your home.
It has a modern and stylish design.
Product dimensions are 28x60 cm.",,531,531,561,,561,603,594,639,9,You can clean it with a damp cloth. = You can put it in the bedroom. = It is a stylish product.,lampshade; stylish; modern; wood; lighting; home decoration; lamp; library; study room; bedroom; decorative; living room; personal belongings; furniture; pine; kitchen,eWorldpartner,10709351,4989981051,9886302011,,,6935687051,2134007051,3130309011,lampshades,1904591031,248382031,4204460031,2078592031,16454252031,248311031,27646922031,20637623031,"Lampshade, Lighting"
Lampshade Indoor Wooden Lamp Modern Home Lampshade Night Light 28x60 Cm Blue Decorative Lampshade,34,blue,wooden,28x28x60,1,"The design consists of a wooden body.
It will add elegance and color to your home.
It is easy to clean.
You can easily use it in every corner of your home.
It has a modern and stylish design.
Product dimensions are 28x60 cm.",,531,531,561,,561,603,594,639,9,You can clean it with a damp cloth. = You can put it in the bedroom. = It is a stylish product.,lampshade; stylish; modern; wood; lighting; home decoration; lamp; library; study room; bedroom; decorative; living room; personal belongings; furniture; pine; kitchen,eWorldpartner,10709351,4989981051,9886302011,,,6935687051,2134007051,3130309011,lampshades,1904591031,248382031,4204460031,2078592031,16454252031,248311031,27646922031,20637623031,"Lampshade, Lighting"
Lampshade Indoor Wooden Lamp Modern Home Lampshade Night Light 28x60 Green Decorative Lampshade,33,green,wooden,28x28x60,1,"The design consists of a wooden body.
It will add elegance and color to your home.
It is easy to clean.
You can easily use it in every corner of your home.
It has a modern and stylish design.
Product dimensions are 28x60 cm.",,531,531,561,,561,603,594,639,9,You can clean it with a damp cloth. = You can put it in the bedroom. = It is a stylish product.,lampshade; stylish; modern; wood; lighting; home decoration; lamp; library; study room; bedroom; decorative; living room; personal belongings; furniture; pine; kitchen,eWorldpartner,10709351,4989981051,9886302011,,,6935687051,2134007051,3130309011,lampshades,1904591031,248382031,4204460031,2078592031,16454252031,248311031,27646922031,20637623031,"Lampshade, Lighting"
Lampshade Home Lighting Table Lampshade Bedroom Decor 28x50 Blue Decorative Lampshade,45,blue,wooden,28x28x50,1,"The design consists of a wooden body.
It will add elegance and color to your home.
It is easy to clean.
You can easily use it in every corner of your home.
It has a modern and stylish design.
Product dimensions are 28x59 cm.",,399,399,429,,429,471,462,507,10,Easy to clean.= It is a modern and stylish design.= It will add elegance to your living room.,design; modern; stylish; wood; linden; lighting; lampshade; home decoration; lamp; library; study room; bedroom; decorative; living room; personal belongings; furniture,eWorldpartner,10709351,4989981051,9886302011,,,6935687051,2134007051,3130309011,lampshades,1904591031,248382031,4204460031,2078592031,16454252031,248311031,27646922031,20637623031,"Lampshade, Lighting"
Lampshade Home Lighting Table Lampshade Bedroom Decor 28x50 Orange Decorative Lampshade,58,orange,wooden,28x28x50,1,"The design consists of a wooden body.
It will add elegance and color to your home.
It is easy to clean.
You can easily use it in every corner of your home.
It has a modern and stylish design.
Product dimensions are 28x59 cm.",,399,399,429,,429,471,462,507,10,Easy to clean.= It is a modern and stylish design.= It will add elegance to your living room.,design; modern; stylish; wood; linden; lighting; lampshade; home decoration; lamp; library; study room; bedroom; decorative; living room; personal belongings; furniture,eWorldpartner,10709351,4989981051,9886302011,,,6935687051,2134007051,3130309011,lampshades,1904591031,248382031,4204460031,2078592031,16454252031,248311031,27646922031,20637623031,"Lampshade, Lighting"
Lampshade Home Lighting Table Lampshade Bedroom Decor 28x50 White Decorative Lampshade,56,white,wooden,28x28x50,1,"The design consists of a wooden body.
It will add elegance and color to your home.
It is easy to clean.
You can easily use it in every corner of your home.
It has a modern and stylish design.
Product dimensions are 28x59 cm.",,399,399,429,,429,471,462,507,10,Easy to clean.= It is a modern and stylish design.= It will add elegance to your living room.,design; modern; stylish; wood; linden; lighting; lampshade; home decoration; lamp; library; study room; bedroom; decorative; living room; personal belongings; furniture,eWorldpartner,10709351,4989981051,9886302011,,,6935687051,2134007051,3130309011,lampshades,1904591031,248382031,4204460031,2078592031,16454252031,248311031,27646922031,20637623031,"Lampshade, Lighting"
Lampshade Home Lighting Table Lampshade Bedroom Decor 28x50 Bue Decorative Lampshade,54,blue,wooden,28x28x50,1,"The design consists of a wooden body.
It will add elegance and color to your home.
It is easy to clean.
You can easily use it in every corner of your home.
It has a modern and stylish design.
Product dimensions are 28x59 cm.",,399,399,429,,429,471,462,507,10,Easy to clean.= It is a modern and stylish design.= It will add elegance to your living room.,design; modern; stylish; wood; linden; lighting; lampshade; home decoration; lamp; library; study room; bedroom; decorative; living room; personal belongings; furniture,eWorldpartner,10709351,4989981051,9886302011,,,6935687051,2134007051,3130309011,lampshades,1904591031,248382031,4204460031,2078592031,16454252031,248311031,27646922031,20637623031,"Lampshade, Lighting"
Lampshade Home Lighting Table Lampshade Bedroom Decor 28x50 Red Decorative Lampshade,52,red,wooden,28x28x50,1,"The design consists of a wooden body.
It will add elegance and color to your home.
It is easy to clean.
You can easily use it in every corner of your home.
It has a modern and stylish design.
Product dimensions are 28x59 cm.",,399,399,429,,429,471,462,507,10,Easy to clean.= It is a modern and stylish design.= It will add elegance to your living room.,design; modern; stylish; wood; linden; lighting; lampshade; home decoration; lamp; library; study room; bedroom; decorative; living room; personal belongings; furniture,eWorldpartner,10709351,4989981051,9886302011,,,6935687051,2134007051,3130309011,lampshades,1904591031,248382031,4204460031,2078592031,16454252031,248311031,27646922031,20637623031,"Lampshade, Lighting"
Lampshade Home Lighting Table Lampshade Bedroom Decor 28x50 Black Decorative Lampshade,49,black,wooden,28x28x50,1,"The design consists of a wooden body.
It will add elegance and color to your home.
It is easy to clean.
You can easily use it in every corner of your home.
It has a modern and stylish design.
Product dimensions are 28x59 cm.",,399,399,429,,429,471,462,507,10,Easy to clean.= It is a modern and stylish design.= It will add elegance to your living room.,design; modern; stylish; wood; linden; lighting; lampshade; home decoration; lamp; library; study room; bedroom; decorative; living room; personal belongings; furniture,eWorldpartner,10709351,4989981051,9886302011,,,6935687051,2134007051,3130309011,lampshades,1904591031,248382031,4204460031,2078592031,16454252031,248311031,27646922031,20637623031,"Lampshade, Lighting"
Lampshade Home Lighting Table Lampshade Bedroom Decor 28x50 Green Decorative Lampshade,47,green,wooden,28x28x50,1,"The design consists of a wooden body.
It will add elegance and color to your home.
It is easy to clean.
You can easily use it in every corner of your home.
It has a modern and stylish design.
Product dimensions are 28x59 cm.",,399,399,429,,429,471,462,507,10,Easy to clean.= It is a modern and stylish design.= It will add elegance to your living room.,design; modern; stylish; wood; linden; lighting; lampshade; home decoration; lamp; library; study room; bedroom; decorative; living room; personal belongings; furniture,eWorldpartner,10709351,4989981051,9886302011,,,6935687051,2134007051,3130309011,lampshades,1904591031,248382031,4204460031,2078592031,16454252031,248311031,27646922031,20637623031,"Lampshade, Lighting"
Lampshade Pink Table Lampshade Home Lighting Metal Celanable Indoor Decorative Lampshade,"60,61",pink,metal,30x30x49,1,"The design consists of a metal body.
You can easily use it in your library and study room.
It will add elegance and color to your home.
It is easy to clean.
You can easily use it in every corner of your home.
It has a modern and stylish design.
Product dimensions are 30x49 cm.",,602,602,632,,632,674,665,710,10,It is made of metal.= It has a modern design.= It can be cleaned easily.,stylish; modern; wood; lighting; lampshade; home decoration; lamp; library; study room; bedroom; decorative; living room; personal belongings; furniture; black,eWorldpartner,10709351,4989981051,9886302011,,,6935687051,2134007051,3130309011,lampshades,1904591031,248382031,4204460031,2078592031,16454252031,248311031,27646922031,20637623031,"Lampshade, Lighting"
Lampshade Lighting Yellow Home Decor Modern Table Wooden Lamp Indoor Decorative Lampshade,71,yellow,wooden,28x28x61,1,"The design is wooden lampshade.
You can easily use it in every corner of your home.
It has a modern and stylish design.
It is decorated with geometric pieces.
Product dimensions are 18x61 cm.",,569,569,600,,600,645,635,681,11,It is produced as a special design.= You can use it in many corners of your home. = You can clean it with a damp cloth.,lampshade; stylish; modern; wood; lighting; home decoration; lamp; library; study room; bedroom; decorative; living room; personal belongings; furniture; pine; kitchen,eWorldpartner,10709351,4989981051,9886302011,,,6935687051,2134007051,3130309011,lampshades,1904591031,248382031,4204460031,2078592031,16454252031,248311031,27646922031,20637623031,"Lampshade, Lighting"
Lampshade Lighting Brown Home Decor Modern Table Wooden Lamp Indoor Decorative Lampshade,68,brown,wooden,28x28x61,1,"The design is wooden lampshade.
You can easily use it in every corner of your home.
It has a modern and stylish design.
It is decorated with geometric pieces.
Product dimensions are 18x61 cm.",,569,569,600,,600,645,635,681,11,It is produced as a special design.= You can use it in many corners of your home. = You can clean it with a damp cloth.,lampshade; stylish; modern; wood; lighting; home decoration; lamp; library; study room; bedroom; decorative; living room; personal belongings; furniture; pine; kitchen,eWorldpartner,10709351,4989981051,9886302011,,,6935687051,2134007051,3130309011,lampshades,1904591031,248382031,4204460031,2078592031,16454252031,248311031,27646922031,20637623031,"Lampshade, Lighting"
Lampshade Lighting Green Home Decor Modern Table Wooden Lamp Indoor Decorative Lampshade,65,green,wooden,28x28x61,1,"The design is wooden lampshade.
You can easily use it in every corner of your home.
It has a modern and stylish design.
It is decorated with geometric pieces.
Product dimensions are 18x61 cm.",,569,569,600,,600,645,635,681,11,It is produced as a special design.= You can use it in many corners of your home. = You can clean it with a damp cloth.,lampshade; stylish; modern; wood; lighting; home decoration; lamp; library; study room; bedroom; decorative; living room; personal belongings; furniture; pine; kitchen,eWorldpartner,10709351,4989981051,9886302011,,,6935687051,2134007051,3130309011,lampshades,1904591031,248382031,4204460031,2078592031,16454252031,248311031,27646922031,20637623031,"Lampshade, Lighting"
Lampshade Lighting Black Home Decor Modern Table Wooden Lamp Indoor Decorative Lampshade,62,black,wooden,28x28x61,1,"The design is wooden lampshade.
You can easily use it in every corner of your home.
It has a modern and stylish design.
It is decorated with geometric pieces.
Product dimensions are 18x61 cm.",,569,569,600,,600,645,635,681,11,It is produced as a special design.= You can use it in many corners of your home. = You can clean it with a damp cloth.,lampshade; stylish; modern; wood; lighting; home decoration; lamp; library; study room; bedroom; decorative; living room; personal belongings; furniture; pine; kitchen,eWorldpartner,10709351,4989981051,9886302011,,,6935687051,2134007051,3130309011,lampshades,1904591031,248382031,4204460031,2078592031,16454252031,248311031,27646922031,20637623031,"Lampshade, Lighting"
Lampshade Indoor Table Lampshade Decoration Lighting Light Lamp Decorative Lampshade,"74,75,76",black,metal,23x23x45,1,"You can use it in every corner of your home.
Feet are made of metal material.
There are electrical installation equipment in CE Standards.
The cable length is 1.5 meters.
It has an on/off button.
Product dimensions 23x45",,211,211,236,,236,269,263,282,5,Easy to clean.= Easy to install.= Single leg.,lamp; lighting; light; lampshade; house; interior; decoration; lampshade; bedroom; modern; design; stylish; sphere; metal; black; decorative; sconce; wired,eWorldpartner,10709351,4989981051,9886302011,,,6935687051,2134007051,3130309011,lampshades,1904591031,248382031,4204460031,2078592031,16454252031,248311031,27646922031,20637623031,"Lampshade, Lighting"
Lampshade Decorative Indoor Lighting Wood Design Lampshade Light Table Lamp 15x30 cm Lampshade,"77,78,79,80,81",beige,wooden,15x15x30,1,"You can use it in every corner of your home.
Made with wood.
You can clean it with a damp cloth.
It has a long cable.
It has an on/off button.
Product dimensions 15x30",,141,141,147,,147,164,159,166,2,It has one leg.= It is designed with wooden material.= It is embroidered.,lampshade; lighting; light; modern; table lighting; lamp; desk lamp; house; decorative; design; lampshade; bedroom; living room; home decoration; natural; wood,eWorldpartner,10709351,4989981051,9886302011,,,6935687051,2134007051,3130309011,lampshades,1904591031,248382031,4204460031,2078592031,16454252031,248311031,27646922031,20637623031,"Lampshade, Lighting"
Lampshade Home Lighting Indoor Modern  Lampshade Table Lamp Design Cleanable 22x40 cm Decorative Lampshade,"83,84,85,86",natural,wooden,22x22x40,1,"You can use it in every corner of your home.
It is made of wood material.
The hat part is made of fabric material.
You can clean it with a damp cloth.
The hat is disassembled.
It has a long cord.
It has an on/off button.
Product dimensions 22x40",,161,161,184,,184,212,206,222,4,Easy to clean.= Wooden design.= Made with hat part.,lampshade; lighting; light; modern; table lighting; Lamp; desk lamp; house; decorative; lampshade; bedroom; living room; home decoration; natural; wooden,eWorldpartner,10709351,4989981051,9886302011,,,6935687051,2134007051,3130309011,lampshades,1904591031,248382031,4204460031,2078592031,16454252031,248311031,27646922031,20637623031,"Lampshade, Lighting"
Lampshade Design Indoor Lighting Table Lamp Table Lampshade 15x31 Cm Lamp Decorative Light Lampshade,"90,87,88,89",brown,wooden,15x15x31,1,"You can use it in every corner of your home.
It is made of wood material.
The hat part is made of fabric material.
You can clean it with a damp cloth.
The hat is disassembled.
It has a long cord.
It has an on/off button.
Product dimensions 15x31",,141,141,147,,147,164,159,166,2,It is a specially designed product.= Easy to install.=Easy to clean.,lampshade; lighting; light; modern; table lighting; lamp; desk lamp; house; decorative; lampshade; bedroom; living room; home decoration; natural; brown,eWorldpartner,10709351,4989981051,9886302011,,,6935687051,2134007051,3130309011,lampshades,1904591031,248382031,4204460031,2078592031,16454252031,248311031,27646922031,20637623031,"Lampshade, Lighting"
Lampshade Gold Table Lamp Indoor Lighting Table Lampshade Decorative Light Night 22x45 cm Modern Lampshade,"93,92,91",gold,metal,22x22x45,1,"You can use it in every corner of your home.
It is made of metal material.
The hat part is made of fabric material.
You can clean it with a damp cloth.
The hat is disassembled.
It has a long cord.
It is recommended to use a maximum of 9-15w led bulbs.
It has an on/off button.
Product dimensions 22x45",,167,167,192,,192,225,219,238,5,It is a specially designed product.= Easy to install.=Easy to clean.,lamp; lighting; light; lampshade; house; interior; decoration; lampshade; bedroom; modern; design; stylish; sphere; metal; black; decorative; sconce; wired,eWorldpartner,10709351,4989981051,9886302011,,,6935687051,2134007051,3130309011,lampshades,1904591031,248382031,4204460031,2078592031,16454252031,248311031,27646922031,20637623031,"Lampshade, Lighting"
Lampshade Decorative Light Table Lamp 25x38 cm Indoor Lighting Table Lampshade Blue Pattern Lampshade,97,blue,porcelain,25x35x38,1,"You can use it in every corner of your home.
It is made of porcelain material.
The hat part is made of fabric material.
You can clean it with a damp cloth.
The hat is disassembled.
It has a long cord.
It has an on/off button.
Product dimensions 25x38",,213,213,238,,238,271,265,284,5,It is produced with porcelain material.= Easy to clean.= Easy to install.,porcelain; lampshade; lamp; lighting; light; decoration; desk lamp; bedroom; house; decorative lampshade; interior; decorative; blue; white; modern; design,eWorldpartner,10709351,4989981051,9886302011,,,6935687051,2134007051,3130309011,lampshades,1904591031,248382031,4204460031,2078592031,16454252031,248311031,27646922031,20637623031,"Lampshade, Lighting"
Lampshade Decorative Light Table Lamp 25x38 cm Indoor Lighting Table Lampshade White Pattern Lampshade,94,white,porcelain,25x35x38,1,"You can use it in every corner of your home.
It is made of porcelain material.
The hat part is made of fabric material.
You can clean it with a damp cloth.
The hat is disassembled.
It has a long cord.
It has an on/off button.
Product dimensions 25x38",,213,213,238,,238,271,265,284,5,It is produced with porcelain material.= Easy to clean.= Easy to install.,porcelain; lampshade; lamp; lighting; light; decoration; desk lamp; bedroom; house; decorative lampshade; interior; decorative; blue; white; modern; design,eWorldpartner,10709351,4989981051,9886302011,,,6935687051,2134007051,3130309011,lampshades,1904591031,248382031,4204460031,2078592031,16454252031,248311031,27646922031,20637623031,"Lampshade, Lighting"
Lampshade Decorative Light Table Lamp Indoor Lighting Table Lampshade Wired Black Night Light 30X50 Metal Lampshade,"100,101",black,metal,30x30x50,1,"You can use it in every corner of your home.
It is made of metal material.
The hat part is made of fabric material.
You can clean it with a damp cloth.
The hat is disassembled.
It has a long cord.
It has an on/off button.
Product dimensions 30x50",,200,200,229,,229,269,260,301,9,It is made of metal.= It has a modern design.= It can be cleaned easily.,lampshade; lamp; lighting; light; decoration; desk lamp; bedroom; house; decorative lampshade; interior; decorative; black; modern; design; metal; living room,eWorldpartner,10709351,4989981051,9886302011,,,6935687051,2134007051,3130309011,lampshades,1904591031,248382031,4204460031,2078592031,16454252031,248311031,27646922031,20637623031,"Lampshade, Lighting"
Lampshade Decorative Table Brown Lamp Indoor  Lampshade Wired Home Night Light 19x49 cm Wood Handmade Lampshade,"103,102,104",brown,wooden,19x30x49,1,"It is made of wood material.
The hat part is made of wood-processed material.
You can clean it with a damp cloth.
The hat is disassembled.
It has a long cord.
It has an on/off button.
Product dimensions 19x49",,188,188,215,,215,249,242,266,6,It is made of wooden material.= Easy to install.= It is a wired lampshade.,lampshade; lamp; lighting; light; decoration; desk lamp; bedroom; house; decorative lampshade; interior; decorative; brown; modern; design; wood; living room,eWorldpartner,10709351,4989981051,9886302011,,,6935687051,2134007051,3130309011,lampshades,1904591031,248382031,4204460031,2078592031,16454252031,248311031,27646922031,20637623031,"Lampshade, Lighting"
Lampshade Decorative Light Table Lamp Indoor Lighting  Wired Home Decoration 25x42 cm Modern Design Lampshade,"107,108,106,105",white,wooden,25x25x42,1,"It is made of wood material.
It is a specially designed product with an angel figure.
You can clean it with a damp cloth.
The hat is disassembled.
It has a long cord.
It has an on/off button.
Product dimensions 25x25x42",,171,171,198,,198,232,225,245,6,It is a wired lampshade.= Made of wood material.= Easy to clean.,lampshade; lamp; lighting; light; decoration; desk lamp; bedroom; house; decorative lampshade; interior; decorative; white; modern; design; wood; living room,eWorldpartner,10709351,4989981051,9886302011,,,6935687051,2134007051,3130309011,lampshades,1904591031,248382031,4204460031,2078592031,16454252031,248311031,27646922031,20637623031,"Lampshade, Lighting"
Lampshade Decorative Light Table Lamp Indoor Lighting Handmade Wicker Lampshade Home Table Night Light 23x41cm ,"109,110,111",black,ceramic,23x23x41,1,"It is made of ceramic material.
The hat is made of natural yarn.
Wipe with a damp cloth without detergent, do not wipe with a wet wipe.
The hat is disassembled.
It has a long cord.
It has an on/off button.
Product dimensions 23x23x41",,189,189,214,,214,247,241,260,5,It is handmade.= Easy to clean.= Easy to install.,lampshade; lamp; lighting; light; decoration; desk lamp; bedroom; house; decorative lampshade; interior; decorative; black; modern; design; ceramic; living room; lighting,eWorldpartner,10709351,4989981051,9886302011,,,6935687051,2134007051,3130309011,lampshades,1904591031,248382031,4204460031,2078592031,16454252031,248311031,27646922031,20637623031,"Lampshade, Lighting"
Lampshade Decorative Light Indoor Lighting Table Handmade Lampshade Home Night Light 19x24cm Modern Design Lampshade,112,natural,wooden,19x19x24,1,"It is made of wood material.
The legs are made of metal.
Wipe with a damp cloth without detergent, do not wipe with a wet wipe.
The hat is disassembled.
It has a long cord.
It is suggested to use max 5-9w led bulbs
It has an on/off button.
Product dimensions 19x19x24",,152,152,158,,158,175,170,177,2,It is produced with natural wood.= Easy to clean.= It is a design product.,lampshade; lamp; lighting; light; decoration; desk lamp; house; decorative lampshade; interior; decorative; bedroom; natural; modern; design; wood; living room; lighting;,eWorldpartner,10709351,4989981051,9886302011,,,6935687051,2134007051,3130309011,lampshades,1904591031,248382031,4204460031,2078592031,16454252031,248311031,27646922031,20637623031,"Lampshade, Lighting"
Lampshade Decorative Light White Indoor Lighting Table Lamp Glass Lampshade Home Decoration Wired Night Light 15x36cm ,"113,114,115",white,glass,15x36x36,1,"It adds elegance to your home with its crystal design.
It is made of glass material.
The legs are made of metal.
Wipe with a damp cloth without detergent, do not wipe with a wet wipe.
The hat part is fabric and disassembled.
It has a long cord.
It has an on/off button.
Product dimensions 15x36x36",,134,134,157,,157,185,179,195,4,It is designed with crystal material.= Easy to clean.= It is a wired lampshade.,lampshade; lamp; lighting; light; decoration; desk lamp; house; decorative lampshade; interior; decorative; bedroom; pine; entrance; modern; design; crystal; living room; lighting;,eWorldpartner,10709351,4989981051,9886302011,,,6935687051,2134007051,3130309011,lampshades,1904591031,248382031,4204460031,2078592031,16454252031,248311031,27646922031,20637623031,"Lampshade, Lighting"
Lampshade Decorative Lamp Beige Indoor Lighting  Fabric Cap  Glass Lampshade Home Decoration 22x37 cm Modern Design Lampshade,116,beige,plastic,22x17x37,1,"It adds elegance to your home with its modern design.
It is made of metal foot and plastic base material.
Wipe with a damp cloth without detergent.
The hat part is fabric and disassembled.
It has a long cord.
It has an on/off button.
Product dimensions 22x17x37 cm",,128,128,144,,144,168,162,172,3,It is produced as a special design.= You can use it in many corners of your home. = You can clean it with a damp cloth.,lampshade; lamp; lighting; light; decoration; desk lamp; house; decorative lampshade; interior; decorative; bedroom; login; modern; design; crystal; living room; lighting; indoor lighting,eWorldpartner,10709351,4989981051,9886302011,,,6935687051,2134007051,3130309011,lampshades,1904591031,248382031,4204460031,2078592031,16454252031,248311031,27646922031,20637623031,"Lampshade, Lighting"
Lampshade Decorative Lamp Red Indoor Lighting  Fabric Cap  Glass Lampshade Home Decoration 22x37 cm Modern Design Lampshade,118,red,plastic,22x17x37,1,"It adds elegance to your home with its modern design.
It is made of metal foot and plastic base material.
Wipe with a damp cloth without detergent.
The hat part is fabric and disassembled.
It has a long cord.
It has an on/off button.
Product dimensions 22x17x37 cm",,128,128,144,,144,168,162,172,3,It is produced as a special design.= You can use it in many corners of your home. = You can clean it with a damp cloth.,lampshade; lamp; lighting; light; decoration; desk lamp; house; decorative lampshade; interior; decorative; bedroom; login; modern; design; crystal; living room; lighting; indoor lighting,eWorldpartner,10709351,4989981051,9886302011,,,6935687051,2134007051,3130309011,lampshades,1904591031,248382031,4204460031,2078592031,16454252031,248311031,27646922031,20637623031,"Lampshade, Lighting"
Lampshade Decorative Lamp Black Indoor Lighting  Fabric Cap  Glass Lampshade Home Decoration 22x37 cm Modern Design Lampshade,120,black,plastic,22x17x37,1,"It adds elegance to your home with its modern design.
It is made of metal foot and plastic base material.
Wipe with a damp cloth without detergent.
The hat part is fabric and disassembled.
It has a long cord.
It has an on/off button.
Product dimensions 22x17x37 cm",,128,128,144,,144,168,162,172,3,It is produced as a special design.= You can use it in many corners of your home. = You can clean it with a damp cloth.,lampshade; lamp; lighting; light; decoration; desk lamp; house; decorative lampshade; interior; decorative; bedroom; login; modern; design; crystal; living room; lighting; indoor lighting,eWorldpartner,10709351,4989981051,9886302011,,,6935687051,2134007051,3130309011,lampshades,1904591031,248382031,4204460031,2078592031,16454252031,248311031,27646922031,20637623031,"Lampshade, Lighting"
Lampshade Decorative Lamp Cream Indoor Lighting  Fabric Cap  Glass Lampshade Home Decoration 22x37 cm Modern Design Lampshade,122,cream,plastic,22x17x37,1,"It adds elegance to your home with its modern design.
It is made of metal foot and plastic base material.
Wipe with a damp cloth without detergent.
The hat part is fabric and disassembled.
It has a long cord.
It has an on/off button.
Product dimensions 22x17x37 cm",,128,128,144,,144,168,162,172,3,It is produced as a special design.= You can use it in many corners of your home. = You can clean it with a damp cloth.,lampshade; lamp; lighting; light; decoration; desk lamp; house; decorative lampshade; interior; decorative; bedroom; login; modern; design; crystal; living room; lighting; indoor lighting,eWorldpartner,10709351,4989981051,9886302011,,,6935687051,2134007051,3130309011,lampshades,1904591031,248382031,4204460031,2078592031,16454252031,248311031,27646922031,20637623031,"Lampshade, Lighting"
Lampshade Home Decorative Fabric Cover Light Table Lamp Indoor Lighting Marble Lampshade Home Decor Wired Night Light 28x51cm ,124,cream,marble,28x28x51,1,"It is made of specially designed marble material.
Use soap and water for cleaning marble products. After cleaning, be sure to dry it with a soft cloth. Avoid contact with Chemical Cleaning Materials.
The hat part is fabric and disassembled.
It has a long cord.
It has an on/off button.
Product dimensions 22x17x37 cm",,332,332,361,,361,398,390,425,8,It is produced as a special design.= It has easy installation and cable.= You can clean it with a damp cloth.,lampshade; lamp; lighting; light; decoration; desk lamp; house; decorative lampshade; interior; decorative; bedroom; special; modern; design; marble; living room; lighting; interior; gift; lighting,eWorldpartner,10709351,4989981051,9886302011,,,6935687051,2134007051,3130309011,lampshades,1904591031,248382031,4204460031,2078592031,16454252031,248311031,27646922031,20637623031,"Lampshade, Lighting"
Lampshade Home Decorative Fabric Cover Light Table Lamp Indoor Lighting Marble Lampshade Home Decor Wired Night Light 28x51cm ,128,black,marble,28x28x51,1,"It is made of specially designed marble material.
Use soap and water for cleaning marble products. After cleaning, be sure to dry it with a soft cloth. Avoid contact with Chemical Cleaning Materials.
The hat part is fabric and disassembled.
It has a long cord.
It has an on/off button.
Product dimensions 22x17x37 cm",,332,332,361,,361,398,390,425,8,It is produced as a special design.= It has easy installation and cable.= You can clean it with a damp cloth.,lampshade; lamp; lighting; light; decoration; desk lamp; house; decorative lampshade; interior; decorative; bedroom; special; modern; design; marble; living room; lighting; interior; gift; lighting,eWorldpartner,10709351,4989981051,9886302011,,,6935687051,2134007051,3130309011,lampshades,1904591031,248382031,4204460031,2078592031,16454252031,248311031,27646922031,20637623031,"Lampshade, Lighting"
