title,images,materiel,size,UNIT COUNT,description,0,1,2,3,4,5,6,7,8,desi,bullet,keywords,audience_keyword,manufacturer,UK ID,AU ID,MX ID,TR ID,AE ID,SG ID,JP ID,CA ID,US ID,IT ID,FR ID,ES ID,PL ID,NL ID,DE ID,BG ID,SE ID
Ceramic Cat Food Bowl - Luxury Ceramic Food and Water Bowl for Pet Home Accessory,11,ceramic,19x19x8,1," Made of ceramic for your pets.
-Food and water bowls will make it easier for your pet to understand that it has its own space.
-Can be used in dry and wet foods.
- Cleaning the bowl regularly is important for your little friend's health.
It will add a different atmosphere to your home with its pattern.
- Suitable for contact with food.
Diameter : 18.5 cm
Height : 8 cm",,65,65,70,,70,83,81,86,1,Made with ceramic.= Clean cut.= Easy to carry.,cat; dog; lunch box; formula; container; water; animal; pet; nest; clean; dog paw; paw; house; clean; garden; front door; cage; bird; nest; dog house; cat house,cat; dog; lunch box; formula; container; water; animal; pet; nest; clean; dog paw; paw; house; clean; garden; front door; cage; bird; nest; dog house; cat house,eWorldpartner,471302031,,,,,,,,,13370244031,2036594031,13442084031,20855669031,16332649031,470791031,27625289031,20653036031
Ceramic Dog Bowl - Home Decor Dog Accessory Luxury Ceramic Food and Water Bowl,12,ceramic,19x19x8,1,"Made of ceramic for your pets.
-Food and water bowls will make it easier for your pet to understand that it has its own space.
-Can be used in dry and wet foods.
- Cleaning the bowl regularly is important for your little friend's health.
It will add a different atmosphere to your home with its pattern.
- Suitable for contact with food.
Diameter : 18.5 cm
Height : 8 cm",,65,65,70,,70,83,81,86,1,Does not harm your pet.= Easy to clean.= Suitable for contact with food.,dog; cat; formula; dog food; water; house; clean; lunch box; front door; garden; woman; pet; animal; pet shop; food; paw; cat fur; dog fur,dog; cat; formula; dog food; water; house; clean; lunch box; front door; garden; woman; pet; animal; pet shop; food; paw; cat fur; dog fur,eWorldpartner,471302031,,,,,,,,,13370244031,2036594031,13442084031,20855669031,16332649031,470791031,27625289031,20653036031
Paw Dog Black Food Bowl - Home Decoration Dog Accessory Luxury Food and Water Bowl ,130,ceramic,15x15x8,1," Made of ceramic for your pets.
-Food and water bowls will make it easier for your pet to understand that it has its own space.
-Can be used in dry and wet foods.
- Cleaning the bowl regularly is important for your little friend's health.
It will add a different atmosphere to your home with its pattern.
- Suitable for contact with food.
- It is 100% handmade.",,83,83,88,,88,101,99,104,1,It is easy to clean.= Does not harm your pet.= Suitable for contact with food.,dog; cat; formula; dog food; water; house; clean; lunch box; front door; garden; woman; pet; animal; pet shop; food; paw; cat fur; dog fur,dog; cat; formula; dog food; water; house; clean; lunch box; front door; garden; woman; pet; animal; pet shop; food; paw; cat fur; dog fur,eWorldpartner,471302031,,,,,,,,,13370244031,2036594031,13442084031,20855669031,16332649031,470791031,27625289031,20653036031
Paw Cat Food Container- Home Decoration Cat Accessory Modern Stylish Food and Water Container ,132,ceramic,15x15x8,1,"Made of ceramic for your pets.
-Food and water bowls will make it easier for your pet to understand that it has its own space.
-Can be used in dry and wet foods.
- Cleaning the bowl regularly is important for your little friend's health.
- Suitable for contact with food.
- Hand wash only.",,65,65,70,,70,83,81,86,1,It is an ideal product for your cats.= Easy to carry.= Clean cut.,cat; dog; lunch box; formula; container; water; animal; pet; nest; clean; dog paw; paw; house; clean; garden; front door; cage; bird; nest; dog house; cat house,cat; dog; lunch box; formula; container; water; animal; pet; nest; clean; dog paw; paw; house; clean; garden; front door; cage; bird; nest; dog house; cat house,eWorldpartner,471302031,,,,,,,,,13370244031,2036594031,13442084031,20855669031,16332649031,470791031,27625289031,20653036031
Figured Bird Feeder - Bird Accessory Modern Bird Figured Food Container Home Decoration ,7,wooden,14x14x14,1,"Specially designed for your birds.
-Food and water bowls will make it easier for your pet to understand that he has his own space.
-Can be used in dry foods.
- Regular cleaning of the bowl is important for your little friend's health.
- Suitable for contact with food.
Diameter : 13.6 cm
Height : 14.1 cm",,79,79,84,,84,97,95,100,1,You can use it as a bird feeder.= It is made of wood.= It does not harm your pet.,bird; bait; manger; bird food; cage; this; pet Shop; pet; parrot; eagle; cat; dog; house; garden; zoo; animal; woman; male; pet shop,bird; bait; manger; bird food; cage; this; pet Shop; pet; parrot; eagle; cat; dog; house; garden; zoo; animal; woman; male; pet shop,eWorldpartner,471302031,,,,,,,,,13370244031,2036594031,13442084031,20855669031,16332649031,470791031,27625289031,20653036031
Hanging Bird Feeder - Bird Accessory Stylish Chained Cage Manger Home Decoration ,8,wooden,30x30x14,1,"Specially designed for your birds.
-It can be hung and is like a cage and prevents the environment from getting dirty.
-Food and water bowls will make it easier for your pet to understand that he has a space of his own.
-Can be used in dry foods.
- Regular cleaning of the bowl is important for your little friend's health.
- Suitable for contact with food.
Diameter : 13.8 cm
Height: 29.5cm",,175,175,181,,181,198,193,200,2,It is easy to clean.= Does not harm your pet.= Suitable for contact with food.,pet shop; bird; bait; manger; bird food; cage; water; pet; parrot; cat; dog; house; garden; zoo; animal; woman; male; bird food; street animals,pet shop; bird; bait; manger; bird food; cage; water; pet; parrot; cat; dog; house; garden; zoo; animal; woman; male; bird food; street animals,eWorldpartner,471302031,,,,,,,,,13370244031,2036594031,13442084031,20855669031,16332649031,470791031,27625289031,20653036031
Cone Bird Feeder - Bird Accessory Modern Chain Feeder Home Decoration ,6,metal,16x16x10,1,"Specially designed for your birds.
-It can be hung and is like a cage and prevents the environment from getting dirty.
-Food and water bowls will make it easier for your pet to understand that he has a space of his own.
-Can be used in dry foods.
- Regular cleaning of the bowl is important for your little friend's health.
- Suitable for contact with food.
Diameter : 16.3 cm
Height: 16.3 cm
Height : 9.8 cm",,136,136,141,,141,154,152,157,1,Easy to clean.= Easy to carry.= Clean cut.,bird; bait; manger; bird food; cage; water; pet Shop; pet; parrot; eagle; cat; dog; house; garden; zoo; animal; woman; male; pet shop,bird; bait; manger; bird food; cage; water; pet Shop; pet; parrot; eagle; cat; dog; house; garden; zoo; animal; woman; male; pet shop,eWorldpartner,471302031,,,,,,,,,13370244031,2036594031,13442084031,20855669031,16332649031,470791031,27625289031,20653036031
Bird Figured Ceramic Manger - Pet Bird Accessory Modern and Stylish Manger Home Decoration,9,ceramic,30x21x12,1,"It is made of ceramic specially for your birds.
-Food and water bowls will make it easier for your pet to understand that he has a space of his own.
-Can be used in dry and wet foods.
- Regular cleaning of the bowl is important for your little friend's health.
- Suitable for contact with food.
Width: 20.5 cm
Height : 30 cm
Height : 11.8 cm",,131,131,137,,137,154,149,156,2,It is a design product.= Made of ceramic.= Easy to install.,bird; bait; manger; bird food; cage; water; pet; parrot; cat; dog; house; garden; zoo; animal; man; male; pet shop; bird food; street animals,bird; bait; manger; bird food; cage; water; pet; parrot; cat; dog; house; garden; zoo; animal; man; male; pet shop; bird food; street animals,eWorldpartner,471302031,,,,,,,,,13370244031,2036594031,13442084031,20855669031,16332649031,470791031,27625289031,20653036031
Wooden Bird Feeder - Pet Bird Accessory Feeder Home Decoration ,10,wooden,22x22x13,1,"It is made of wood specially for your birds.
-Food and water bowls will make it easier for your pet to understand that he has a space of his own.
-Can be used in dry foods.
- Regular cleaning of the bowl is important for your little friend's health.
- Suitable for contact with food.
Height : 21.7 cm
Height : 12.9 cm",,168,168,174,,174,191,186,193,2,You can use it as a bird feeder.= It is made of wood.= It does not harm your pet.,bird; bait; manger; bird food; cage; this; pet Shop; pet; parrot; eagle; cat; dog; house; garden; zoo; animal; woman; male; pet shop,bird; bait; manger; bird food; cage; this; pet Shop; pet; parrot; eagle; cat; dog; house; garden; zoo; animal; woman; male; pet shop,eWorldpartner,471302031,,,,,,,,,13370244031,2036594031,13442084031,20855669031,16332649031,470791031,27625289031,20653036031
Black Wooden Cat Food And Water Bowl- Pet Decoration Modern Decorative Food Container,"148,149,150",wooden,30x20x10,1,"Foot Material It is made of MDF material.
The material thickness is 12 mm.
The food box is 13 cm.
Multi-surface paint is used in the upper surface material.
All parts are sent as assembled.
It is a 2-compartment food bowl for your pet.
It does not harm as it is a clean cut.
It is easy to clean.
Product dimensions are 30x20x10 cm.",,93,93,99,,99,116,111,118,2,It is an ideal product for your cats.= Easy to carry.= Clean cut.,cat; dog; lunch box; formula; container; water; animal; pet; nest; clean; dog paw; paw; house; clean; garden; front door; cage; bird; nest; dog house; cat house,cat; dog; lunch box; formula; container; water; animal; pet; nest; clean; dog paw; paw; house; clean; garden; front door; cage; bird; nest; dog house; cat house,eWorldpartner,471302031,,,,,,,,,13370244031,2036594031,13442084031,20855669031,16332649031,470791031,27625289031,20653036031
Red Wooden Cat Food And Drinker- Pet Home Decoration Stylish Decorative Food Container,"151,152",wooden,30x20x10,1,"Foot Material It is made of MDF material.
The material thickness is 12 mm.
The food box is 13 cm.
Multi-surface paint is used in the upper surface material.
All parts are sent as assembled.
It is a 2-compartment food bowl for your pet.
It does not harm as it is a clean cut.
It is easy to clean.
Product dimensions are 30x20x10 cm.",,93,93,99,,99,116,111,118,2,Does not harm your pet.= Easy to clean.= Suitable for contact with food.,dog; cat; formula; dog food; water; house; clean; lunch box; front door; garden; woman; pet; animal; pet shop; food; paw; cat fur; dog fur,dog; cat; formula; dog food; water; house; clean; lunch box; front door; garden; woman; pet; animal; pet shop; food; paw; cat fur; dog fur,eWorldpartner,471302031,,,,,,,,,13370244031,2036594031,13442084031,20855669031,16332649031,470791031,27625289031,20653036031
Blue Cat Food And Drinker- Wooden Home Decoration Stylish Decorative Pet Food Container,153,wooden,30x20x10,1,"Foot Material It is made of MDF material.
The material thickness is 12 mm.
The food box is 13 cm.
Multi-surface paint is used in the upper surface material.
All parts are sent as assembled.
It is a 2-compartment food bowl for your pet.
It does not harm as it is a clean cut.
It is easy to clean.
Product dimensions are 30x20x10 cm.",,93,93,99,,99,116,111,118,2,Made of wood.= There are 2 lunch boxes.= Easy to clean.,cat; dog lunch box; container; this; animal; pet; nest; clean; dog paw; paw; house; clean; garden; front door; cage; bird; nest; kennel; cat house; wood,cat; dog lunch box; container; this; animal; pet; nest; clean; dog paw; paw; house; clean; garden; front door; cage; bird; nest; kennel; cat house; wood,eWorldpartner,471302031,,,,,,,,,13370244031,2036594031,13442084031,20855669031,16332649031,470791031,27625289031,20653036031
Claw Wooden Cat Food Container- Pet Home Decoration Modern Design Food Container,"154,155,156,157",wooden,33x17x30,1,"Foot Material It is made of MDF material.
Multi-surface paint is used in the upper surface material.
All parts are shipped disassembled.
It is a 2-compartment food bowl for your pet.
It does not hurt because it is a clean cut.
It is easy to clean.
Product dimensions are 33x17x30 cm.",,117,117,140,,140,168,162,178,2,It is produced with wood.= It is a design product.= It is two-colored.,cat; dog; container; water; animal; pet; nest; clean; dog paw; paw; house; clean; garden; front door; nest; kennel; cat house; wood; cat house,cat; dog; container; water; animal; pet; nest; clean; dog paw; paw; house; clean; garden; front door; nest; kennel; cat house; wood; cat house,eWorldpartner,471302031,,,,,,,,,13370244031,2036594031,13442084031,20855669031,16332649031,470791031,27625289031,20653036031
Orange Wooden Cat Food And Drinker- Pet Decoration Stylish Decorative Food Container,"158,159",wooden,30x20x10,1,"Foot Material It is made of MDF material.
The material thickness is 12 mm.
The food box is 13 cm.
Multi-surface paint is used in the upper surface material.
All parts are sent as assembled.
It is a 2-compartment food bowl for your pet.
It does not harm as it is a clean cut.
It is easy to clean.
Product dimensions are 30x20x10 cm.",,93,93,99,,99,116,111,118,2,Does not harm your pet.= Easy to clean.= Suitable for contact with food.,dog; cat; formula; dog food; water; house; clean; lunch box; front door; garden; woman; pet; animal; pet shop; food; paw; cat fur; dog fur,dog; cat; formula; dog food; water; house; clean; lunch box; front door; garden; woman; pet; animal; pet shop; food; paw; cat fur; dog fur,eWorldpartner,471302031,,,,,,,,,13370244031,2036594031,13442084031,20855669031,16332649031,470791031,27625289031,20653036031
Natural Wooden Cat Dog Food Container - Pet Home Decoration Modern Decorative Food Container,"160,161,162,163",wooden,22x22x8,1,"It can be used as a food and water bowl for your cat and dog.
All parts are sent as assembled.
Made with wood.
It does not hurt because it is a clean cut.
It is easy to clean.
Product dimensions are 22x22x8 cm.",,84,84,89,,89,102,100,105,1,Made with wood.= Clean cut.= Suitable for cats and dogs.,cat; dog; container; water; animal; pet; nest; clean; dog paw; paw; house; clean; garden; front door; nest; kennel; cat house; wood; cat house,cat; dog; container; water; animal; pet; nest; clean; dog paw; paw; house; clean; garden; front door; nest; kennel; cat house; wood; cat house,eWorldpartner,471302031,,,,,,,,,13370244031,2036594031,13442084031,20855669031,16332649031,470791031,27625289031,20653036031
Stainless Steel Silver Food Bowl - Pet Decorative Modern Food Bowl,164,steel,15x15x4,1,"Made with stainless steel.
It can be used as a food and water bowl for your cat and dog.
All parts are sent as assembled.
It does not hurt because it is a clean cut.
It is easy to clean.
Product dimensions are 15x15x4 cm.",,80,80,85,,85,98,96,101,1,It is stainless.= Easy to clean.= Easy to carry.,lunch box; cat; dog; pet; stainless; steel; silver; water bucket; woman; house; home decoration; garden; street; decorative; modern; stylish; animal,lunch box; cat; dog; pet; stainless; steel; silver; water bucket; woman; house; home decoration; garden; street; decorative; modern; stylish; animal,eWorldpartner,471302031,,,,,,,,,13370244031,2036594031,13442084031,20855669031,16332649031,470791031,27625289031,20653036031
Hexxup Cat Dog Food Container Medium- Pet Decoration Decorative Food Container,"165,166,167,168,169",wooden,40x21x8,1,"Made with wood.
It can be used as a food and water bowl for your cat and dog.
All parts are sent as assembled.
It is easy to clean.
Product dimensions are 15x15x4 cm.",,137,137,143,,143,160,155,162,1,Does not harm your pet.= Easy to clean.= Suitable for contact with food.,cat; wood; dog food; water; house; clean; lunch box; front door; garden; pet; animal; pet shop; food; paw; cat fur; dog fur; home decoration; decorative,cat; wood; dog food; water; house; clean; lunch box; front door; garden; pet; animal; pet shop; food; paw; cat fur; dog fur; home decoration; decorative,eWorldpartner,471302031,,,,,,,,,13370244031,2036594031,13442084031,20855669031,16332649031,470791031,27625289031,20653036031
Turex Cat Dog Food Container Small- Home Decoration Pet Decorative Food Container,"187,188,189,190,191",wooden,33x19x10,1,"Made with wood.
It can be used as a food and water bowl for your cat and dog.
All parts are sent as assembled.
It is easy to clean.
Product dimensions are 33x19x10 cm.",,127,127,133,,133,150,145,152,1,It is produced with wood.= It is a design product.= It is two-colored.,pet shop; bird; bait; manger; bird food; cage; water; pet; parrot; cat; dog; house; garden; zoo; animal; woman; male; bird food; street animals,pet shop; bird; bait; manger; bird food; cage; water; pet; parrot; cat; dog; house; garden; zoo; animal; woman; male; bird food; street animals,eWorldpartner,471302031,,,,,,,,,13370244031,2036594031,13442084031,20855669031,16332649031,470791031,27625289031,20653036031
Glasses Cat Dog Food Container Large- Pet Decorative Modern Wooden Food Container,"193,194,195,196,197",wooden,38x20x10,1,"Made with wood.
It can be used as a food and water bowl for your cat and dog.
All parts are sent as assembled.
The edges are clean cut.
It is easy to clean.
Product dimensions are 33x20x10 cm.",,128,128,144,,144,168,162,172,1,It is an ideal product for your cats.= Easy to carry.= Clean cut.,cat; dog; container; water; animal; pet; nest; clean; dog paw; paw; house; clean; garden; front door; nest; kennel; cat house; wood; cat house,cat; dog; container; water; animal; pet; nest; clean; dog paw; paw; house; clean; garden; front door; nest; kennel; cat house; wood; cat house,eWorldpartner,471302031,,,,,,,,,13370244031,2036594031,13442084031,20855669031,16332649031,470791031,27625289031,20653036031
Honey Cowl Cat Dog Food Container Small- Pet Item Modern Decorative Food Container,"177,178,179,180,181",wooden,20x17x6,1,"Made with wood.
It can be used as a food and water bowl for your cat and dog.
All parts are sent as assembled.
The edges are clean cut.
It is easy to clean.
Product dimensions are 20x17x6 cm.",,119,119,124,,124,137,135,140,1,Does not harm your pet.= Easy to clean.= Suitable for contact with food.,dog; cat; formula; dog food; water; house; clean; lunch box; front door; garden; woman; pet; animal; pet shop; food; paw; cat fur; dog fur,dog; cat; formula; dog food; water; house; clean; lunch box; front door; garden; woman; pet; animal; pet shop; food; paw; cat fur; dog fur,eWorldpartner,471302031,,,,,,,,,13370244031,2036594031,13442084031,20855669031,16332649031,470791031,27625289031,20653036031
Alone Cat Dog Food Container Small- Pet Home Decoration Modern Decorative Wooden Food Container,"198,199,200,201,202",wooden,19x16x10,1,"Made with wood.
It can be used as a food and water bowl for your cat and dog.
All parts are sent as assembled.
The edges are clean cut.
It is easy to clean.
Product dimensions are 19x16x10 cm.",,91,91,96,,96,109,107,112,1,It is produced with wood.= It is a design product.= It is two-colored.,cat; dog; container; water; animal; pet; nest; clean; dog paw; paw; house; clean; garden; front door; nest; kennel; cat house; wood; cat house,cat; dog; container; water; animal; pet; nest; clean; dog paw; paw; house; clean; garden; front door; nest; kennel; cat house; wood; cat house,eWorldpartner,471302031,,,,,,,,,13370244031,2036594031,13442084031,20855669031,16332649031,470791031,27625289031,20653036031
Hexx Cat Dog Food Container Small- Home Decoration Modern Wooden Food Container,"204,205,206,207,208",wooden,19x19x6,1,"Made with wood.
It can be used as a food and water bowl for your cat and dog.
All parts are sent as assembled.
The edges are clean cut.
It is easy to clean.
Product dimensions are 19x19x6 cm.",,81,81,86,,86,99,97,102,1,Made of wood.= There are 2 lunch boxes.= Easy to clean.,cat; dog; lunch box; formula; container; water; animal; pet; nest; clean; dog paw; paw; house; clean; garden; front door; cage; bird; nest; dog house; cat house,cat; dog; lunch box; formula; container; water; animal; pet; nest; clean; dog paw; paw; house; clean; garden; front door; cage; bird; nest; dog house; cat house,eWorldpartner,471302031,,,,,,,,,13370244031,2036594031,13442084031,20855669031,16332649031,470791031,27625289031,20653036031
Ramp Wooden Cat Food And Water Bowl - Modern Design Home Decoration Pet Food Container,"209,210,211,212,213",wooden,33x20x12,1,"Made with wood.
It can be used as a food and water bowl for your cat and dog.
All parts are sent as assembled.
The edges are clean cut.
It is easy to clean.
Product dimensions are 33x20x12 cm.",,95,95,101,,101,118,113,120,1,Does not harm your pet.= Easy to clean.= Suitable for contact with food.,cat; dog; container; water; animal; pet; nest; clean; dog paw; paw; house; clean; garden; front door; nest; kennel; cat house; wood; cat house,cat; dog; container; water; animal; pet; nest; clean; dog paw; paw; house; clean; garden; front door; nest; kennel; cat house; wood; cat house,eWorldpartner,471302031,,,,,,,,,13370244031,2036594031,13442084031,20855669031,16332649031,470791031,27625289031,20653036031
Cat Dog Food and Drinker - Pet Stylish Design Decorative Food Container,"215,216,217,218,219",wooden,32x17x5,1,"It is made of poplar and contra material.
Wood is used.
It can be used as a food and water bowl for your cat and dog.
All parts are sent as assembled.
The edges are clean cut.
It is easy to clean.
Product dimensions are 32x17x5 cm.",,84,84,89,,89,102,100,105,1,It is stainless.= Easy to clean.= Easy to carry.,dog; cat; formula; dog food; water; house; clean; lunch box; front door; garden; woman; pet; animal; pet shop; food; paw; cat fur; dog fur,dog; cat; formula; dog food; water; house; clean; lunch box; front door; garden; woman; pet; animal; pet shop; food; paw; cat fur; dog fur,eWorldpartner,471302031,,,,,,,,,13370244031,2036594031,13442084031,20855669031,16332649031,470791031,27625289031,20653036031
Cat Food And Water Bowl Small Marble Effect - Pet Items Stylish Design Food Container,220,marble,35x35x5,1,"It is made of MDF material.
You can clean it with a damp cloth.
It can be used as a food and water bowl for your cat and dog.
The surface material of the product is a water-based wood colorant.
The material thickness is 18 mm.
The diameter of the lunch box is 13 cm.
All parts are sent as assembled.
Product dimensions are 35x35x5 cm.",,92,92,98,,98,115,110,117,1,It is suitable for contact with food.= Easy to clean.= It is a design product.,marble; design; modern; 3 pieces; lunch box; cat; dog; pet; animal; pet shop; water bucket; clean; house; home decoration; decorative; bird;,marble; design; modern; 3 pieces; lunch box; cat; dog; pet; animal; pet shop; water bucket; clean; house; home decoration; decorative; bird;,eWorldpartner,471302031,,,,,,,,,13370244031,2036594031,13442084031,20855669031,16332649031,470791031,27625289031,20653036031
Paw Patterned Double Cat Food Container- Home Decoration Modern Patterned Wooden Food Container,"221,221,223,224,225",wooden,33x17x30,1,"Foot Material It is made of MDF material.
Multi-surface paint is used in the upper surface material.
All parts are shipped disassembled.
It is a 2-compartment food bowl for your pet.
It does not hurt because it is a clean cut.
It is easy to clean.
Product dimensions are 33x17x30 cm.",,117,117,140,,140,168,162,178,1,Made of wood.= There are 2 lunch boxes.= Easy to clean.,cat; dog lunch box; container; this; animal; pet; nest; clean; dog paw; paw; house; clean; garden; front door; cage; bird; nest; kennel; cat house; wood,cat; dog lunch box; container; this; animal; pet; nest; clean; dog paw; paw; house; clean; garden; front door; cage; bird; nest; kennel; cat house; wood,eWorldpartner,471302031,,,,,,,,,13370244031,2036594031,13442084031,20855669031,16332649031,470791031,27625289031,20653036031
Cat Dog Food And Water Bowl Small Navy Blue- Decorative Modern Wooden Design Food Container,"226,227,228",wooden,19x35x5,1,"The surface material of the product is a water-based wood colorant.
The material thickness is 18 mm.
The mother's diameter is 13 cm.
It is suitable for contact with food.
It is a 2-compartment food bowl for your pet.
It is easy to clean.
Product dimensions are 19x35x5 cm.",,81,81,86,,86,99,97,102,1,Made of wood.= There are 2 lunch boxes.= Easy to clean.,cat; dog; lunch box; formula; container; water; animal; pet; nest; clean; dog paw; paw; house; clean; garden; front door; cage; bird; nest; dog house; cat house,cat; dog; lunch box; formula; container; water; animal; pet; nest; clean; dog paw; paw; house; clean; garden; front door; cage; bird; nest; dog house; cat house,eWorldpartner,471302031,,,,,,,,,13370244031,2036594031,13442084031,20855669031,16332649031,470791031,27625289031,20653036031
Infinite Pottery Bowl Cat Food And Water Bowl - Cat Food Container Home Decoration Decorative Food Container,"229,230,231,232",wooden,36x18x10,1,"The material is made of pottery material consisting of MDF and natural earth.
You can clean it with a damp cloth.
It can be used as a food and water bowl for your cat and dog.
The surface material of the product is a water-based wood colorant.
All parts are sent as assembled.
Product dimensions are 36x18x10 cm.",,92,92,98,,98,115,110,117,1,It is produced with wood.= It is a design product.= It is two-colored.,cat; dog; container; water; animal; pet; nest; clean; dog paw; paw; house; clean; garden; front door; nest; kennel; cat house; wood; cat house,cat; dog; container; water; animal; pet; nest; clean; dog paw; paw; house; clean; garden; front door; nest; kennel; cat house; wood; cat house,eWorldpartner,471302031,,,,,,,,,13370244031,2036594031,13442084031,20855669031,16332649031,470791031,27625289031,20653036031
Pet Ronas Cat And Dog Food Container Black- Home Decoration Design Modern Food Water Bowl,"233,234",wooden,34x18x7,1,"It is made of birch plywood material.
  The bowls are made of stainless steel, they can be easily removed and washed in the dishwasher.
It can be used as a food and water bowl for your cat and dog.
There are steel food containers inside the product.
Steel containers, cat dog food and water container are sent as a set. The stand is completely wooden.
The surface material of the product is a water-based wood colorant.
All parts are sent as assembled.
Product dimensions are 24x18x7 cm.",,97,97,103,,103,120,115,122,1,Made of wood.= There are 2 lunch boxes.= Easy to clean.,cat; dog; lunch box; formula; container; water; animal; pet; nest; clean; dog paw; paw; house; clean; garden; front door; cage; bird; nest; dog house; cat house,cat; dog; lunch box; formula; container; water; animal; pet; nest; clean; dog paw; paw; house; clean; garden; front door; cage; bird; nest; dog house; cat house,eWorldpartner,471302031,,,,,,,,,13370244031,2036594031,13442084031,20855669031,16332649031,470791031,27625289031,20653036031
Pet Ronas Cat And Dog Food Container White- Home Decoration Design Stylish Food Water Container,"233,234,235,236",wooden,34x18x7,1,"It is made of birch plywood material.
  The bowls are made of stainless steel, they can be easily removed and washed in the dishwasher.
It can be used as a food and water bowl for your cat and dog.
There are steel food containers inside the product.
Steel containers, cat dog food and water container are sent as a set. The stand is completely wooden.
The surface material of the product is a water-based wood colorant.
All parts are sent as assembled.
Product dimensions are 24x18x7 cm.",,97,97,103,,103,120,115,122,1,It is produced with wood.= It is a design product.= It is two-colored.,cat; dog; container; water; animal; pet; nest; clean; dog paw; paw; house; clean; garden; front door; nest; kennel; cat house; wood; cat house,cat; dog; container; water; animal; pet; nest; clean; dog paw; paw; house; clean; garden; front door; nest; kennel; cat house; wood; cat house,eWorldpartner,471302031,,,,,,,,,13370244031,2036594031,13442084031,20855669031,16332649031,470791031,27625289031,20653036031
Pet Ronas Cat And Dog Food Container Gray - Pet Decorative Design Food Container,"237,238,239",wooden,34x18x8,1,"It is made of birch plywood material.
  The bowls are made of stainless steel, they can be easily removed and washed in the dishwasher.
It can be used as a food and water bowl for your cat and dog.
There are steel food containers inside the product.
Steel containers, cat dog food and water container are sent as a set. The stand is completely wooden.
The surface material of the product is a water-based wood colorant.
All parts are sent as assembled.
Product dimensions are 24x18x7 cm.",,97,97,103,,103,120,115,122,1,Made of wood.= There are 2 lunch boxes.= Easy to clean.,cat; dog; lunch box; formula; container; water; animal; pet; nest; clean; dog paw; paw; house; clean; garden; front door; cage; bird; nest; dog house; cat house,cat; dog; lunch box; formula; container; water; animal; pet; nest; clean; dog paw; paw; house; clean; garden; front door; cage; bird; nest; dog house; cat house,eWorldpartner,471302031,,,,,,,,,13370244031,2036594031,13442084031,20855669031,16332649031,470791031,27625289031,20653036031
Pet Ronas Cat And Dog Food Container Multi - Pet Decorative Modern Food Container,"240,241,242,243",wooden,34x18x8,1,"It is made of birch plywood material.
  The bowls are made of stainless steel, they can be easily removed and washed in the dishwasher.
It can be used as a food and water bowl for your cat and dog.
There are steel food containers inside the product.
Steel containers, cat dog food and water container are sent as a set. The stand is completely wooden.
The surface material of the product is a water-based wood colorant.
All parts are sent as assembled.
Product dimensions are 24x18x7 cm.",,97,97,103,,103,120,115,122,1,It is produced with wood.= It is a design product.= It is two-colored.,cat; dog; container; water; animal; pet; nest; clean; dog paw; paw; house; clean; garden; front door; nest; kennel; cat house; wood; cat house,cat; dog; container; water; animal; pet; nest; clean; dog paw; paw; house; clean; garden; front door; nest; kennel; cat house; wood; cat house,eWorldpartner,471302031,,,,,,,,,13370244031,2036594031,13442084031,20855669031,16332649031,470791031,27625289031,20653036031
Cat Dog Food And Water Bowl Small Black -Home Decoration Pet Modern Food Container,244,wooden,19x35x13,1,"The surface material of the product is a water-based wood colorant.
The material thickness is 15 mm.
The diameter of the food bowl is 13 cm.
It can be used as a food and water bowl for your cat and dog.
All parts are sent as assembled.
Product dimensions are 19x35x13 cm.",,115,115,121,,121,138,133,140,2,It is an ideal product for cats and dogs.= Easy to carry.= Clean cut.,cat; dog; lunch box; formula; container; water; animal; pet; nest; clean; dog paw; paw; house; clean; garden; front door; cage; bird; nest; dog house; cat house,cat; dog; lunch box; formula; container; water; animal; pet; nest; clean; dog paw; paw; house; clean; garden; front door; cage; bird; nest; dog house; cat house,eWorldpartner,471302031,,,,,,,,,13370244031,2036594031,13442084031,20855669031,16332649031,470791031,27625289031,20653036031
Cat Dog Food And Water Bowl Small Black- Pet Houseware Modern Decorative Food Container,245,wooden,19x35x5,1,"The surface material of the product is a water-based wood colorant.
The material thickness is 18 mm.
The diameter of the food bowl is 13 cm.
It can be used as a food and water bowl for your cat and dog.
You can clean it with a damp cloth.
All parts are sent as assembled.
Product dimensions are 19x35x5cm.",,93,93,98,,98,111,109,114,1,Easy to carry.= Easy to clean.= Suitable for contact with food.,marble; design; modern; 2 pieces; lunch box; cat; dog; pet; animal; pet shop; water bucket; clean; house; home decoration; decorative; bird;wood,marble; design; modern; 2 pieces; lunch box; cat; dog; pet; animal; pet shop; water bucket; clean; house; home decoration; decorative; bird;wood,eWorldpartner,471302031,,,,,,,,,13370244031,2036594031,13442084031,20855669031,16332649031,470791031,27625289031,20653036031
Wooden Cat Dog Food And Water Bowl Marble Pattern- Pet Houseware Modern Stylish Food Container,"246,247,248",wooden,20x35x5,1,"Made with wood.
It can be used as a food and water bowl for your cat and dog.
You can clean it with a damp cloth.
All parts are sent as assembled.
Product dimensions are 20x35x5 cm.",,93,93,98,,98,111,109,114,1,Suitable for contact with food.= Modern design.= Made with wood.,design; modern; 2 pieces; lunch box; cat; be born; pet; animal; pet shop; water bucket; clean; house; home decoration; decorative; bird; wood; decorative,design; modern; 2 pieces; lunch box; cat; be born; pet; animal; pet shop; water bucket; clean; house; home decoration; decorative; bird; wood; decorative,eWorldpartner,471302031,,,,,,,,,13370244031,2036594031,13442084031,20855669031,16332649031,470791031,27625289031,20653036031
Pet Love Steel Bowl Wooden Food and Water Bowl- Yumak Home Decoration Patterned Design Food Container,"249,251,252,253,250",wooden,32x17x27,1,"Specially designed wooden food and drink bowls that can be used for cats and dogs with their different patterns and figures offer a comfortable space for our clawed friends.
It has 2 different areas for water and food.
The cat and small breed dog food and water bowl is easy to clean. Steel bowls can be easily removed and reinstalled.
Food and water containers are made of stainless steel containers and Mdf lam material.
12cm diameter
300 ml water and food volume
Product size is 27x32x17 cm.",,97,97,103,,103,120,115,122,1,It is made of wood.= Has a stainless steel bowl= Easy to clean.,pet; cat; dog; lunch box; water bucket; colourful; patterned; pink; formula; bird; decorative; wood; home decoration; animal; garden; house; 2 pieces; pet; love,pet; cat; dog; lunch box; water bucket; colourful; patterned; pink; formula; bird; decorative; wood; home decoration; animal; garden; house; 2 pieces; pet; love,eWorldpartner,471302031,,,,,,,,,13370244031,2036594031,13442084031,20855669031,16332649031,470791031,27625289031,20653036031
Pet Love Steel Bowl Cat Food and Water Bowl - Wooden Pet Modern Design Colorful Food Container,"256,260,262",wooden,32x17x27,1,"Specially designed wooden food and drink bowls that can be used for cats and dogs with their different patterns and figures offer a comfortable space for our clawed friends.
It has 2 different areas for water and food.
The cat and small breed dog food and water bowl is easy to clean. Steel bowls can be easily removed and reinstalled.
Food and water containers are made of stainless steel containers and Mdf lam material.
12cm diameter
300 ml water and food volume
Product size is 27x32x17 cm.",,97,97,103,,103,120,115,122,1,It is made of wood.= Has a stainless steel bowl= Easy to clean.,pet; cat; dog; lunch box; water bucket; colourful; patterned; pink; formula; bird; decorative; wood; home decoration; animal; garden; house; 2 pieces; pet; love,pet; cat; dog; lunch box; water bucket; colourful; patterned; pink; formula; bird; decorative; wood; home decoration; animal; garden; house; 2 pieces; pet; love,eWorldpartner,471302031,,,,,,,,,13370244031,2036594031,13442084031,20855669031,16332649031,470791031,27625289031,20653036031
Pet Love Blue Steel Bowl Cat Food and Water Bowl - Wooden Pet Modern Decorative Colorful Food Container,"263,269",wooden,32x17x27,1,"Specially designed wooden food and drink bowls that can be used for cats and dogs with their different patterns and figures offer a comfortable space for our clawed friends.
It has 2 different areas for water and food.
The cat and small breed dog food and water bowl is easy to clean. Steel bowls can be easily removed and reinstalled.
Food and water containers are made of stainless steel containers and Mdf lam material.
12cm diameter
300 ml water and food volume
Product size is 27x32x17 cm.",,97,97,103,,103,120,115,122,1,It is made of wood.= Has a stainless steel bowl= Easy to clean.,pet; cat; dog; lunch box; water bucket; colourful; patterned; pink; water; bird; decorative; wood; home decoration; animal; garden; house; 2 pieces; pet; love,pet; cat; dog; lunch box; water bucket; colourful; patterned; pink; water; bird; decorative; wood; home decoration; animal; garden; house; 2 pieces; pet; love,eWorldpartner,471302031,,,,,,,,,13370244031,2036594031,13442084031,20855669031,16332649031,470791031,27625289031,20653036031
Red Edition Paw Stainless Steel Bowl - Wooden Home Decoration Modern Cat Dog Food Container,"270,272,274,276",wooden,33x30x10,1,"Specially designed wooden food and drink bowls that can be used for cats and dogs with their different patterns and figures offer a comfortable space for our clawed friends.
It has 2 different areas for water and food.
The cat and small breed dog food and water bowl is easy to clean. Steel bowls can be easily removed and reinstalled.
Food and water containers are made of stainless steel containers and Mdf lam material.
Product size is 33x30x10 cm.",,111,111,127,,127,151,145,155,1,Easy to carry.= Easy to clean.= Suitable for contact with food.,cat; dog; food container; modern; decorative; red; water bowl; design; wood; home decoration; pet; animal; pet shop; 2 pieces; cat nest; garden; house,cat; dog; food container; modern; decorative; red; water bowl; design; wood; home decoration; pet; animal; pet shop; 2 pieces; cat nest; garden; house,eWorldpartner,471302031,,,,,,,,,13370244031,2036594031,13442084031,20855669031,16332649031,470791031,27625289031,20653036031
Wooden Cat Food and Water Container With Steel Bowl - Pet Items Modern Design Cat Food Container,"277,278,284",wooden,32x17x27,1,"Specially designed wooden food and drink bowls that can be used for cats and dogs with their different patterns and figures offer a comfortable space for our clawed friends.
It has 2 different areas for water and food.
The cat and small breed dog food and water bowl is easy to clean. Steel bowls can be easily removed and reinstalled.
Food and water containers are made of stainless steel containers and Mdf lam material.
Product size is 32x27x12 cm.",,97,97,103,,103,120,115,122,1,Suitable for contact with food.= Modern design.= Made with wood.,cat; dog; food container; modern; decorative; red; water bowl; design; wood; home decoration; pet; animal; pet shop; 2 pieces; cat nest; garden; house,cat; dog; food container; modern; decorative; red; water bowl; design; wood; home decoration; pet; animal; pet shop; 2 pieces; cat nest; garden; house,eWorldpartner,471302031,,,,,,,,,13370244031,2036594031,13442084031,20855669031,16332649031,470791031,27625289031,20653036031
Cat Dog Pink Food and Water Bowl -- Pet Furniture Wooden Modern Design Cat Food Container,"285,286,292",wooden,33x30x10,1,"Specially designed wooden food and drink bowls that can be used for cats and dogs with their different patterns and figures offer a comfortable space for our clawed friends.
It has 2 different areas for water and food.
The cat and small breed dog food and water bowl is easy to clean. Steel bowls can be easily removed and reinstalled.
Food and water containers are made of stainless steel containers and Mdf lam material.
Product size is 33x30x10 cm.",,111,111,127,,127,151,145,155,2,It is stainless.= Easy to clean.= Easy to carry.,cat; dog; lunch box; formula; container; water; animal; pet; nest; clean; dog paw; paw; house; clean; garden; front door; cage; bird; nest; dog house; cat house,cat; dog; lunch box; formula; container; water; animal; pet; nest; clean; dog paw; paw; house; clean; garden; front door; cage; bird; nest; dog house; cat house,eWorldpartner,471302031,,,,,,,,,13370244031,2036594031,13442084031,20855669031,16332649031,470791031,27625289031,20653036031
Wooden Headed White Cat Dog Food and Water Container -Pet Furniture Modern Design Cat Food Container,"293,294,300",wooden,33x30x10,1,"Specially designed wooden food and drink bowls that can be used for cats and dogs with their different patterns and figures offer a comfortable space for our clawed friends.
It has 2 different areas for water and food.
The cat and small breed dog food and water bowl is easy to clean. Steel bowls can be easily removed and reinstalled.
Food and water containers are made of stainless steel containers and Mdf lam material.
Product size is 33x30x10 cm.",,111,111,127,,127,151,145,155,2,Does not harm your pet.= Easy to clean.= Suitable for contact with food.,cat; dog; lunch box; formula; container; water; animal; pet; nest; clean; dog paw; paw; house; clean; garden; front door; cage; bird; nest; dog house; cat house,cat; dog; lunch box; formula; container; water; animal; pet; nest; clean; dog paw; paw; house; clean; garden; front door; cage; bird; nest; dog house; cat house,eWorldpartner,471302031,,,,,,,,,13370244031,2036594031,13442084031,20855669031,16332649031,470791031,27625289031,20653036031
Height Adjustable Cat Dog Food and Water Container - Pet Item Decorative Design Cat Food Container,"301,306,307",wooden,32x15x22,1,"Thanks to its adjustable height level, it can be used as food and drinker for kittens, and as food and drinker for disabled cats.
You can also use it as a food and water bowl for cats with special conditions.
   Our 2-stage height-adjustable cat food and water bowl is a decorative product with a wooden look.
   It has 2 different steel reservoir areas for water and food. Easy to clean.
It can be easily removed and reinstalled.
The product is made of ceramic pots and Mdf lam material.
The food bowl dimensions are 12 cm in diameter.
The food containers have a volume of 300 ml of water and food.
The product is 32x15x22 cm.",,120,120,136,,136,160,154,164,2,It has an adjustable height design. = It can be used for cats and dogs. = Easy to clean.,pet; cat; dog; lunch box; water bucket; colourful; patterned; pink; water; bird; decorative; wood; home decoration; animal; garden; house; 2 pieces; pet; love,pet; cat; dog; lunch box; water bucket; colourful; patterned; pink; water; bird; decorative; wood; home decoration; animal; garden; house; 2 pieces; pet; love,eWorldpartner,471302031,,,,,,,,,13370244031,2036594031,13442084031,20855669031,16332649031,470791031,27625289031,20653036031
Cat Dog Food Container With Steel Bowl - Do It Yourself Wooden Modern Design Paintable Food Container,"308,313,314",wooden,33x17x10,1,"A food and water bowl that can be used for cats and small dogs, which you can color as you wish and turn it into a pleasant design.
You can color it according to the do-it-yourself trend with simple wood paints.
Stainless steel food bowls
raw mdf wood material
The product is 33x17x10 cm.",,92,92,98,,98,115,110,117,1,It is stainless.= Easy to clean.= Easy to carry.,pet; cat; dog; lunch box; water bucket; colourful; patterned; pink; formula; bird; decorative; wood; home decoration; animal; garden; house; 2 pieces; pet; love,pet; cat; dog; lunch box; water bucket; colourful; patterned; pink; formula; bird; decorative; wood; home decoration; animal; garden; house; 2 pieces; pet; love,eWorldpartner,471302031,,,,,,,,,13370244031,2036594031,13442084031,20855669031,16332649031,470791031,27625289031,20653036031
Paw Patterned Outdoor Resistant Cat Food and Water Bowl - Wooden Home Decoration Garden Design Food Container,"315,319,320,321",wooden,33x30x10,1,"Specially designed wooden food and drink bowls that can be used for cats and dogs with their different patterns and figures offer a comfortable space for our clawed friends.
It has 2 different areas for water and food.
The cat and small breed dog food and water bowl is easy to clean. Steel bowls can be easily removed and reinstalled.
Food and water containers are made of stainless steel containers and Mdf lam material.
Product size is 33x30x10 cm.",,111,111,127,,127,151,145,155,2,Easy to carry.= Easy to clean.= Suitable for contact with food.,cat; dog; food container; modern; decorative; red; water bowl; design; wood; home decoration; pet; animal; pet shop; 2 pieces; cat nest; garden; house,cat; dog; food container; modern; decorative; red; water bowl; design; wood; home decoration; pet; animal; pet shop; 2 pieces; cat nest; garden; house,eWorldpartner,471302031,,,,,,,,,13370244031,2036594031,13442084031,20855669031,16332649031,470791031,27625289031,20653036031
Steel Bowl Cat Food and Water Bowl - Wooden Home Decoration Garden Stylish Food Container,"322,327",wooden,36x18x10,1,"Specially designed wooden food and water bowls that can be used for cats and dogs offer a comfortable area for our pawed friends.
It houses two different areas with steel bowls for Water and Food.
Easy to clean.
Steel bowl food containers can be easily removed and put back in their original place.
The product is made of stainless steel containers and Mdf lam material. Food bowl dimensions 12 cm diameter.
Stainless steel food bowls
MDF lam wood material
The product is 36x18x10 cm.",,92,92,98,,98,115,110,117,1,Does not harm your pet.= Easy to clean.= Suitable for contact with food.,cat; dog; lunch box; formula; container; water; animal; pet; nest; clean; dog paw; paw; house; clean; garden; front door; cage; bird; nest; dog house; cat house,cat; dog; lunch box; formula; container; water; animal; pet; nest; clean; dog paw; paw; house; clean; garden; front door; cage; bird; nest; dog house; cat house,eWorldpartner,471302031,,,,,,,,,13370244031,2036594031,13442084031,20855669031,16332649031,470791031,27625289031,20653036031
Wooden Cat Food and Water Bowl with Steel Bowl - Wooden Home Decoration Garden Stylish Food Container,"329,335",wooden,32x27x12,1,"Specially designed wooden food and water bowls that can be used for cats and dogs offer a comfortable area for our pawed friends.
It has two different areas for water and food.
Easy to clean.
It can be easily removed and re-installed.
The product is made of stainless steel containers and Mdf lam material. Food bowl dimensions 12 cm diameter.
Product dimensions are 32x27x12 cm.",,97,97,103,,103,120,115,122,1,Does not harm your pet.= Easy to clean.= Suitable for contact with food.,dog; cat; formula; dog food; water; house; clean; lunch box; front door; garden; woman; pet; animal; pet shop; food; paw; cat fur; dog fur,dog; cat; formula; dog food; water; house; clean; lunch box; front door; garden; woman; pet; animal; pet shop; food; paw; cat fur; dog fur,eWorldpartner,471302031,,,,,,,,,13370244031,2036594031,13442084031,20855669031,16332649031,470791031,27625289031,20653036031
Claret Red Ceramic Bowl Cat Food and Water Bowl - Wooden Home Decoration Garden Decorative Food Container,"336,340,341",wooden,33x20x12,1,"Made with wood.
Ceramic pots can be washed in the dishwasher.
Height and width have been adjusted with cats in mind.
Easy to clean.
Non-slip and non-slip.
It has two different areas as water and food bowl.
It can be easily removed and the containers can be put in place.
Product dimensions are 33x20x12 cm.",,109,109,115,,115,132,127,134,2,Easy to carry.= Easy to clean.= Suitable for contact with food.,cat; dog; food container; modern; decorative; red; water bowl; design; wood; home decoration; pet; animal; pet shop; 2 pieces; cat nest; garden; house,cat; dog; food container; modern; decorative; red; water bowl; design; wood; home decoration; pet; animal; pet shop; 2 pieces; cat nest; garden; house,eWorldpartner,471302031,,,,,,,,,13370244031,2036594031,13442084031,20855669031,16332649031,470791031,27625289031,20653036031
Steel Stainless Wooden Cat Food and Water Container - Wooden Home Decoration Garden Decorative Food Container,"342,346,347,348",wooden,34x20x11,1,"Made with wood.
Steel containers can be washed in the dishwasher.
Height and width have been adjusted with cats in mind.
Easy to clean.
Non-slip and non-slip.
It has two different areas as water and food bowl.
It can be easily removed and the containers can be put in place.
Product dimensions are 34x20x11 cm.",,109,109,115,,115,132,127,134,2,Easy to carry.= Easy to clean.= Suitable for contact with food.,cat; dog; food container; modern; decorative; red; water bowl; design; wood; home decoration; pet; animal; pet shop; 2 pieces; cat nest; garden; house,cat; dog; food container; modern; decorative; red; water bowl; design; wood; home decoration; pet; animal; pet shop; 2 pieces; cat nest; garden; house,eWorldpartner,471302031,,,,,,,,,13370244031,2036594031,13442084031,20855669031,16332649031,470791031,27625289031,20653036031
Beach Steel Bowl Cat and Dog Food and Water Bowl - Wooden Decorative Modern Design Food Container,"349,360,363,362",wooden,32x17x27,1,"Specially designed wooden food and drink bowls that can be used for cats and dogs with their different patterns and figures offer a comfortable space for our clawed friends.
It has 2 different areas for water and food.
The cat and small breed dog food and water bowl is easy to clean. Steel bowls can be easily removed and reinstalled.
Food and water containers are made of stainless steel containers and Mdf lam material.
12cm diameter
300 ml water and food volume
Product size is 27x32x17 cm.",,97,97,103,,103,120,115,122,1,It is made of wood.= Has a stainless steel bowl= Easy to clean.,pet; cat; dog; lunch box; water bucket; colourful; patterned; pink; water; bird; decorative; wood; home decoration; animal; garden; house; 2 pieces; pet; love,pet; cat; dog; lunch box; water bucket; colourful; patterned; pink; water; bird; decorative; wood; home decoration; animal; garden; house; 2 pieces; pet; love,eWorldpartner,471302031,,,,,,,,,13370244031,2036594031,13442084031,20855669031,16332649031,470791031,27625289031,20653036031
Summer Steel Bowl Cat and Dog Food and Water Container - Wooden Pet Decorative Colored Design Food Container,"363,367,369",wooden,32x17x27,1,"Specially designed wooden food and drink bowls that can be used for cats and dogs with their different patterns and figures offer a comfortable space for our clawed friends.
It has 2 different areas for water and food.
The cat and small breed dog food and water bowl is easy to clean. Steel bowls can be easily removed and reinstalled.
Food and water containers are made of stainless steel containers and Mdf lam material.
12cm diameter
300 ml water and food volume
Product size is 27x32x17 cm.",,97,97,103,,103,120,115,122,1,It is made of wood.= Has a stainless steel bowl= Easy to clean.,pet; cat; dog; lunch box; water bucket; colourful; patterned; pink; water; bird; decorative; wood; home decoration; animal; garden; house; 2 pieces; pet; love,pet; cat; dog; lunch box; water bucket; colourful; patterned; pink; water; bird; decorative; wood; home decoration; animal; garden; house; 2 pieces; pet; love,eWorldpartner,471302031,,,,,,,,,13370244031,2036594031,13442084031,20855669031,16332649031,470791031,27625289031,20653036031
Summer Evening Cat and Dog Food and Water Bowl with Steel Bowl - Wooden Pet Home Decoration Garden Colorful Food Container,"370,376",wooden,32x17x27,2,"Specially designed wooden food and drink bowls that can be used for cats and dogs with their different patterns and figures offer a comfortable space for our clawed friends.
It has 2 different areas for water and food.
The cat and small breed dog food and water bowl is easy to clean. Steel bowls can be easily removed and reinstalled.
Food and water containers are made of stainless steel containers and Mdf lam material.
12cm diameter
300 ml water and food volume
Product size is 27x32x17 cm.",,97,97,103,,103,120,115,122,1,It is an ideal product for your cats.= Easy to carry.= Clean cut.,cat; dog; lunch box; formula; container; water; animal; pet; nest; clean; dog paw; paw; house; clean; garden; front door; cage; bird; nest; dog house; cat house,cat; dog; lunch box; formula; container; water; animal; pet; nest; clean; dog paw; paw; house; clean; garden; front door; cage; bird; nest; dog house; cat house,eWorldpartner,471302031,,,,,,,,,13370244031,2036594031,13442084031,20855669031,16332649031,470791031,27625289031,20653036031
Hello Summer Steel Bowl Cat and Dog Food and Water Bowl - Wooden Pet Home Decoration Garden Decorative Food Container,"377,381,382",wooden,32x17x27,3,"Specially designed wooden food and drink bowls that can be used for cats and dogs with their different patterns and figures offer a comfortable space for our clawed friends.
It has 2 different areas for water and food.
The cat and small breed dog food and water bowl is easy to clean. Steel bowls can be easily removed and reinstalled.
Food and water containers are made of stainless steel containers and Mdf lam material.
12cm diameter
300 ml water and food volume
Product size is 27x32x17 cm.",,97,97,103,,103,120,115,122,1,Made of wood.= There are 2 lunch boxes.= Easy to clean.,cat; dog; lunch box; formula; container; water; animal; pet; nest; clean; dog paw; paw; house; clean; garden; front door; cage; bird; nest; dog house; cat house,cat; dog; lunch box; formula; container; water; animal; pet; nest; clean; dog paw; paw; house; clean; garden; front door; cage; bird; nest; dog house; cat house,eWorldpartner,471302031,,,,,,,,,13370244031,2036594031,13442084031,20855669031,16332649031,470791031,27625289031,20653036031
Beach Steel Bowl Cat and Dog Food and Water Bowl - Wooden Pet Home Decoration Modern Design Food Container,"383,389",wooden,32x17x27,4,"Specially designed wooden food and drink bowls that can be used for cats and dogs with their different patterns and figures offer a comfortable space for our clawed friends.
It has 2 different areas for water and food.
The cat and small breed dog food and water bowl is easy to clean. Steel bowls can be easily removed and reinstalled.
Food and water containers are made of stainless steel containers and Mdf lam material.
12cm diameter
300 ml water and food volume
Product size is 27x32x17 cm.",,97,97,103,,103,120,115,122,1,Suitable for contact with food.= Modern design.= Made with wood.,design; modern; 2 pieces; lunch box; cat; be born; pet; animal; pet shop; water bucket; clean; house; home decoration; decorative; bird; wood; decorative,design; modern; 2 pieces; lunch box; cat; be born; pet; animal; pet shop; water bucket; clean; house; home decoration; decorative; bird; wood; decorative,eWorldpartner,471302031,,,,,,,,,13370244031,2036594031,13442084031,20855669031,16332649031,470791031,27625289031,20653036031
Hello Cat and Dog Food and Water Bowl with Bowl - Wooden Pet Home Decoration Modern Decorative Food Container,"377,382",wooden,32x17x27,5,"Specially designed wooden food and drink bowls that can be used for cats and dogs with their different patterns and figures offer a comfortable space for our clawed friends.
It has 2 different areas for water and food.
The cat and small breed dog food and water bowl is easy to clean. Steel bowls can be easily removed and reinstalled.
Food and water containers are made of stainless steel containers and Mdf lam material.
12cm diameter
300 ml water and food volume
Product size is 27x32x17 cm.",,97,97,103,,103,120,115,122,1,It is made of wood.= Has a stainless steel bowl= Easy to clean.,pet; cat; dog; lunch box; water bucket; colourful; patterned; pink; formula; bird; decorative; wood; home decoration; animal; garden; house; 2 pieces; pet; love,pet; cat; dog; lunch box; water bucket; colourful; patterned; pink; formula; bird; decorative; wood; home decoration; animal; garden; house; 2 pieces; pet; love,eWorldpartner,471302031,,,,,,,,,13370244031,2036594031,13442084031,20855669031,16332649031,470791031,27625289031,20653036031
Height Adjustable Cat Dog Food and Water Container - Pet Goods Decorative Home Decoration Cat Food Container,"390,395,396",wooden,32x15x22,1,"Thanks to its adjustable height level, it can be used as food and drinker for kittens, and as food and drinker for disabled cats.
You can also use it as a food and water bowl for cats with special conditions.
   Our 2-stage height-adjustable cat food and water bowl is a decorative product with a wooden look.
   It has 2 different steel reservoir areas for water and food. Easy to clean.
It can be easily removed and reinstalled.
The product is made of ceramic pots and Mdf lam material.
The food bowl dimensions are 12 cm in diameter.
The food containers have a volume of 300 ml of water and food.
The product is 32x15x22 cm.",,120,120,136,,136,160,154,164,2,It has an adjustable height design. = It can be used for cats and dogs. = Easy to clean.,pet; cat; dog; lunch box; water bucket; colourful; patterned; pink; water; bird; decorative; wood; home decoration; animal; garden; house; 2 pieces; pet; love,pet; cat; dog; lunch box; water bucket; colourful; patterned; pink; water; bird; decorative; wood; home decoration; animal; garden; house; 2 pieces; pet; love,eWorldpartner,471302031,,,,,,,,,13370244031,2036594031,13442084031,20855669031,16332649031,470791031,27625289031,20653036031
Height Adjustable Food and Water Bowl Claret Red Ceramic - Pet Goods Decorative Home Decoration Cat Food Container,"397,403",wooden,32x15x22,1,"Thanks to its adjustable height level, it can be used as food and drinker for kittens, and as food and drinker for disabled cats.
You can also use it as a food and water bowl for cats with special conditions.
   Our 2-stage height-adjustable cat food and water bowl is a decorative product with a wooden look.
   It has 2 different steel reservoir areas for water and food. Easy to clean.
It can be easily removed and reinstalled.
The product is made of ceramic pots and Mdf lam material.
The food bowl dimensions are 12 cm in diameter.
The food containers have a volume of 300 ml of water and food.
The product is 32x15x22 cm.",,120,120,136,,136,160,154,164,2,It has an adjustable height design. = It can be used for cats and dogs. = Easy to clean.,pet; cat; dog; lunch box; water bucket; colourful; patterned; pink; water; bird; decorative; wood; home decoration; animal; garden; house; 2 pieces; pet; love,pet; cat; dog; lunch box; water bucket; colourful; patterned; pink; water; bird; decorative; wood; home decoration; animal; garden; house; 2 pieces; pet; love,eWorldpartner,471302031,,,,,,,,,13370244031,2036594031,13442084031,20855669031,16332649031,470791031,27625289031,20653036031
Height Adjustable Food and Water Bowl Claret Red Ceramic Black Floor - Home Decoration Modern Design Decorative Food Bowl,"404,409,410",wooden,32x15x22,1,"Thanks to its adjustable height level, it can be used as food and drinker for kittens, and as food and drinker for disabled cats.
You can also use it as a food and water bowl for cats with special conditions.
   Our 2-stage height-adjustable cat food and water bowl is a decorative product with a wooden look.
   It has 2 different steel reservoir areas for water and food. Easy to clean.
It can be easily removed and reinstalled.
The product is made of ceramic pots and Mdf lam material.
The food bowl dimensions are 12 cm in diameter.
The food containers have a volume of 300 ml of water and food.
The product is 32x15x22 cm.",,120,120,136,,136,160,154,164,2,It has an adjustable height design. = It can be used for cats and dogs. = Easy to clean.,pet; cat; dog; lunch box; water bucket; colourful; patterned; pink; water; bird; decorative; wood; home decoration; animal; garden; house; 2 pieces; pet; love,pet; cat; dog; lunch box; water bucket; colourful; patterned; pink; water; bird; decorative; wood; home decoration; animal; garden; house; 2 pieces; pet; love,eWorldpartner,471302031,,,,,,,,,13370244031,2036594031,13442084031,20855669031,16332649031,470791031,27625289031,20653036031
Custom Printed Cat and Dog Food and Water Bowl with Steel Bowl - Wooden White Modern Pet Home Decoration Food Container,"411,417",,32x17x27,1,"Specially designed wooden food and drink bowls that can be used for cats and dogs with their different patterns and figures offer a comfortable space for our clawed friends.
It has 2 different areas for water and food.
The cat and small breed dog food and water bowl is easy to clean. Steel bowls can be easily removed and reinstalled.
Food and water containers are made of stainless steel containers and Mdf lam material.
12cm diameter
300 ml water and food volume
Product size is 27x32x17 cm.",,97,97,103,,103,120,115,122,1,It is made of wood.= Has a stainless steel bowl= Easy to clean.,pet; cat; dog; lunch box; water bucket; colourful; patterned; pink; water; bird; decorative; wood; home decoration; animal; garden; house; 2 pieces; pet; love,pet; cat; dog; lunch box; water bucket; colourful; patterned; pink; water; bird; decorative; wood; home decoration; animal; garden; house; 2 pieces; pet; love,eWorldpartner,471302031,,,,,,,,,13370244031,2036594031,13442084031,20855669031,16332649031,470791031,27625289031,20653036031
Color Printed Steel Bowl Cat and Dog Food and Water Bowl - Wooden White Modern Pet Garden Design Food Container,"418,424",,32x17x27,1,"Specially designed wooden food and drink bowls that can be used for cats and dogs with their different patterns and figures offer a comfortable space for our clawed friends.
It has 2 different areas for water and food.
The cat and small breed dog food and water bowl is easy to clean. Steel bowls can be easily removed and reinstalled.
Food and water containers are made of stainless steel containers and Mdf lam material.
12cm diameter
300 ml water and food volume
Product size is 27x32x17 cm.",,97,97,103,,103,120,115,122,1,Does not harm your pet.= Easy to clean.= Suitable for contact with food.,pet; cat; dog; lunch box; water bucket; colourful; patterned; pink; water; bird; decorative; wood; home decoration; animal; garden; house; 2 pieces; pet; love,pet; cat; dog; lunch box; water bucket; colourful; patterned; pink; water; bird; decorative; wood; home decoration; animal; garden; house; 2 pieces; pet; love,eWorldpartner,471302031,,,,,,,,,13370244031,2036594031,13442084031,20855669031,16332649031,470791031,27625289031,20653036031
