title,images,material,colors,size,piece,description,0,1,2,3,4,5,6,7,8,Desi,bullet,keywords,manufacturer,UK ID,AU ID,MX ID,TR ID,AE ID,SG ID,JP ID,CA ID,US item_type_keyword,IT ID,FR ID,ES ID,PL ID,NL ID,DE ID,BG ID,SE ID,item type name
Sofa Cover Pretty Beige Cotton - Armchair Couch Cover Multi-Purpose Sofa Caps For Living Room Home Decoration,"2,3",Cotton,beige,150x1x200,1,"The pretty beige sofa cover has a fine and light texture.
It is made of the highest quality cotton fabric and is very durable.
It does not deform in long use.
Apart from the seat cover, it is suitable for use as a multi-purpose cover.
Package Content: 1 Piece Beige Seat Cover
The size of the product is 150x1x200 cm.",,80,80,85,,85,105,95,120,2,It completely protects the seats. = Made of quality fabric. = It is a good product for your home.,antimacassar; shawl; weaving; multipurpose; seat; bergere; pillow; cotton; acrylic; patterned; colourful; fringed; non-slip; seat cover; living room,eWorldPartner,3229382031,4975534051,9757178011,,,6537915051,2179885051,6647226011,sofa_slipcovers,2911207031,2896568031,2844380031,20853354031,27931881031,2970871031,2789849031,20650579031,"home decoration, home textile, sofa cover"
Armchair Couch Cover Betires Home Knit - Sofa Cover Machine Washable Sofa Caps For Bed Home Decoration Bergere Cover,"4,5",Acrylic,gray,170x1x130,1,"The knitted seat cover has a dense weaving.
It is made of the highest quality acrylic fabric and is very durable.
It does not deform in long use.
Apart from the seat cover, it is suitable for use as a multi-purpose cover.
Package Content: 1 Piece Knitted Sofa Cover
The size of the product is 170x1x130 cm.",,125,125,131,,131,148,143,150,2,It is made of acrylic fabric. = It is suitable for multi-purpose use. = Suitable for armchairs and sofa.,shawl; antimacassar; weaving; multipurpose; seat; bergere; pillow; cotton; acrylic; patterned; colourful; fringed; non-slip; seat cover; living room,eWorldPartner,3229382031,4975534051,9757178011,,,6537915051,2179885051,6647226011,sofa_slipcovers,2911207031,2896568031,2844380031,20853354031,27931881031,2970871031,2789849031,20650579031,"home decoration, home textile, sofa cover"
Sofa Caps Alinda  Gray 170 x 1 x 300 cm  Sofa Cover Cotton Furniture Protector For Living Room Home Decoration,"6,8,9",Cotton,gray,170x1x300,1,"The seat cover has a fine and light texture.
It is made from the highest quality pmuk fabric and is very durable.
It does not deform in long use.
It is suitable for use as a multi-purpose cover other than the seat cover.
Package Content: 1 Piece Cotton Sofa Cover
Product size is 170x1x300 cm.",,80,80,85,,85,105,95,120,2,Cotton was used as the material. = It does not shrink due to washing. = It looks modern and stylish.,living room; shawl; antimacassar; weaving; multipurpose; seat; bergere; pillow; cotton; acrylic; patterned; colourful; fringed; non-slip; seat cover,eWorldPartner,3229382031,4975534051,9757178011,,,6537915051,2179885051,6647226011,sofa_slipcovers,2911207031,2896568031,2844380031,20853354031,27931881031,2970871031,2789849031,20650579031,"home decoration, home textile, sofa cover"
Sofa Caps Alinda Sofa Cover Cotton Furniture Protector For Living Room Home Decoration 170 x 1 x 300 cm ,"10,12,13",Cotton,black,170x1x300,1,"The seat cover has a fine and light texture.
It is made from the highest quality pmuk fabric and is very durable.
It does not deform in long use.
It is suitable for use as a multi-purpose cover other than the seat cover.
Package Content: 1 Piece Cotton Sofa Cover
Product size is 170x1x300 cm.",,80,80,85,,85,105,95,120,2,Cotton was used as the material. = It does not shrink due to washing. = It looks modern and stylish.,living room; shawl; antimacassar; weaving; multipurpose; seat; bergere; pillow; cotton; acrylic; patterned; colourful; fringed; non-slip; seat cover,eWorldPartner,3229382031,4975534051,9757178011,,,6537915051,2179885051,6647226011,sofa_slipcovers,2911207031,2896568031,2844380031,20853354031,27931881031,2970871031,2789849031,20650579031,"home decoration, home textile, sofa cover"
Sofa Caps Alinda 170 x 1 x 300 cm - Sofa Cover Cotton Furniture Protector For Living Room Home Decoration,"16,17",Cotton,green,170x1x300,1,"The seat cover has a fine and light texture.
It is made from the highest quality pmuk fabric and is very durable.
It does not deform in long use.
It is suitable for use as a multi-purpose cover other than the seat cover.
Package Content: 1 Piece Cotton Sofa Cover
Product size is 170x1x300 cm.",,80,80,85,,85,105,95,120,2,Cotton was used as the material. = It does not shrink due to washing. = It looks modern and stylish.,living room; shawl; antimacassar; weaving; multipurpose; seat; bergere; pillow; cotton; acrylic; patterned; colourful; fringed; non-slip; seat cover,eWorldPartner,3229382031,4975534051,9757178011,,,6537915051,2179885051,6647226011,sofa_slipcovers,2911207031,2896568031,2844380031,20853354031,27931881031,2970871031,2789849031,20650579031,"home decoration, home textile, sofa cover"
Sofa Caps Alinda 170 x 1 x 300 cm - Sofa Cover Cotton Furniture Protector For Living Room Home Decoration,"21,20,18",Cotton,yellow,170x1x300,1,"The seat cover has a fine and light texture.
It is made from the highest quality pmuk fabric and is very durable.
It does not deform in long use.
It is suitable for use as a multi-purpose cover other than the seat cover.
Package Content: 1 Piece Cotton Sofa Cover
Product size is 170x1x300 cm.",,80,80,85,,85,105,95,120,2,Cotton was used as the material. = It does not shrink due to washing. = It looks modern and stylish.,living room; shawl; antimacassar; weaving; multipurpose; seat; bergere; pillow; cotton; acrylic; patterned; colourful; fringed; non-slip; seat cover,eWorldPartner,3229382031,4975534051,9757178011,,,6537915051,2179885051,6647226011,sofa_slipcovers,2911207031,2896568031,2844380031,20853354031,27931881031,2970871031,2789849031,20650579031,"home decoration, home textile, sofa cover"
Armchair Couch Cover Betires Home Knit - Sofa Cover Beige Sofa Caps For Bed Home Decoration Bergere Cover,"24,22,23",Cotton,beige,170x1x130,1,"It is made entirely of cotton material.
Machine washable at 30 degrees.
Do not use bleach.
Do not use a dryer.
Do not iron.
Flat spread drying is recommended.
Product size is 170x1x130 cm.",,99,99,105,,105,122,117,124,2,It completely protects the seats. = Made of quality fabric. = It is a good product for your home.,seat cover; living room; shawl; antimacassar; weaving; multipurpose; seat; bergere; pillow; cotton; acrylic; patterned; colourful; fringed; non-slip,eWorldPartner,3229382031,4975534051,9757178011,,,6537915051,2179885051,6647226011,sofa_slipcovers,2911207031,2896568031,2844380031,20853354031,27931881031,2970871031,2789849031,20650579031,"home decoration, home textile, sofa cover"
Sofa Cover Thick Striped Shawl - Armchair Caps Black White Handmade Living Room Bergere Cover Home Decoration,"27,28,25",Cotton,multicolor,160x1x225,1,"The seat cover has a fine and light texture.
It is made from the highest quality pmuk fabric and is very durable.
It does not deform in long use.
It is suitable for use as a multi-purpose cover other than the seat cover.
It can be machine washed at low temperature.
Package Content: 1 Piece Cotton Sofa Cover
Product size is 160x2x225 cm.",,134,134,140,,140,157,152,159,2,It is made of acrylic fabric. = It is suitable for multi-purpose use. = Suitable for armchairs and sofa.,non-slip; seat cover; living room; shawl; antimacassar; weaving; multipurpose; seat; bergere; pillow; cotton; acrylic; patterned; colourful; fringed,eWorldPartner,3229382031,4975534051,9757178011,,,6537915051,2179885051,6647226011,sofa_slipcovers,2911207031,2896568031,2844380031,20853354031,27931881031,2970871031,2789849031,20650579031,"home decoration, home textile, sofa cover"
Antimacassar Pona Tan Knitting 170 x 1 x 300 cm - Sofa Shawl Cotton Machine Washable Furniture Protector Home Decoration,"29,3",Cotton,tan,170x1x130,1,"It is made of cotton fabric.
Machine washable at 30 degrees.
Do not use bleach.
Do not use a dryer.
Do not iron.
Flat spread drying is recommended.
The size of the product is 170x1x130 cm.",,133,133,139,,139,156,151,158,2,It completely protects the seats. = Made of quality fabric. = It is a good product for your home.,antimacassar; shawl; weaving; multipurpose; seat; bergere; pillow; cotton; acrylic; patterned; colourful; fringed; non-slip; seat cover; living room,eWorldPartner,3229382031,4975534051,9757178011,,,6537915051,2179885051,6647226011,sofa_slipcovers,2911207031,2896568031,2844380031,20853354031,27931881031,2970871031,2789849031,20650579031,"home decoration, home textile, sofa cover"
Antimacassar Elite Handmade - Sofa Cover Super Soft Non Slip Strap Seat Cap Home Decoration 175 x 1 x 230 cm ,"33,32",Cotton,dark gray,175x1x230,1,"It is made of cotton.
It has durable fabric and is long-lasting.
As it is washed, its colors do not fade and it maintains its softness.
The seat cover protects your seats in long-term use and prevents them from being deformed.
You can add a new atmosphere to your home with its vibrant colors and trend patterns.
The size of the product is 175x1x230 cm.",,80,80,85,,85,105,95,120,2,Cotton was used as the material. = It does not shrink due to washing. = It looks modern and stylish.,living room; shawl; antimacassar; weaving; multipurpose; seat; bergere; pillow; cotton; acrylic; patterned; colourful; fringed; non-slip; seat cover,eWorldPartner,3229382031,4975534051,9757178011,,,6537915051,2179885051,6647226011,sofa_slipcovers,2911207031,2896568031,2844380031,20853354031,27931881031,2970871031,2789849031,20650579031,"home decoration, home textile, sofa cover"
Antimacassar Elite Handmade Green 175 x 1 x 230 cm - Sofa Cover Super Soft Non Slip Strap Seat Cap Home Decoration,"36,35",Cotton,green,175x1x230,1,"It is made of cotton.
It has durable fabric and is long-lasting.
As it is washed, its colors do not fade and it maintains its softness.
The seat cover protects your seats in long-term use and prevents them from being deformed.
You can add a new atmosphere to your home with its vibrant colors and trend patterns.
The size of the product is 175x1x230 cm.",,80,80,85,,85,105,95,120,2,Cotton was used as the material. = It does not shrink due to washing. = It looks modern and stylish.,living room; shawl; antimacassar; weaving; multipurpose; seat; bergere; pillow; cotton; acrylic; patterned; colourful; fringed; non-slip; seat cover,eWorldPartner,3229382031,4975534051,9757178011,,,6537915051,2179885051,6647226011,sofa_slipcovers,2911207031,2896568031,2844380031,20853354031,27931881031,2970871031,2789849031,20650579031,"home decoration, home textile, sofa cover"
Antimacassar Elite Handmade 175 x 1 x 230 cm - Sofa Cover Super Soft Non Slip Strap Seat Cap Home Decoration,"40,38",Cotton,light gray,175x1x230,1,"It is made of cotton.
It has durable fabric and is long-lasting.
As it is washed, its colors do not fade and it maintains its softness.
The seat cover protects your seats in long-term use and prevents them from being deformed.
You can add a new atmosphere to your home with its vibrant colors and trend patterns.
The size of the product is 175x1x230 cm.",,80,80,85,,85,105,95,120,2,Cotton was used as the material. = It does not shrink due to washing. = It looks modern and stylish.,living room; shawl; antimacassar; weaving; multipurpose; seat; bergere; pillow; cotton; acrylic; patterned; colourful; fringed; non-slip; seat cover,eWorldPartner,3229382031,4975534051,9757178011,,,6537915051,2179885051,6647226011,sofa_slipcovers,2911207031,2896568031,2844380031,20853354031,27931881031,2970871031,2789849031,20650579031,"home decoration, home textile, sofa cover"
Antimacassar Elite Handmade Orange  Sofa Cover Super Soft Non Slip Strap Seat Cap Home Decoration 175 x 1 x 230 cm,"44,43",Cotton,orange,175x1x230,1,"It is made of cotton.
It has durable fabric and is long-lasting.
As it is washed, its colors do not fade and it maintains its softness.
The seat cover protects your seats in long-term use and prevents them from being deformed.
You can add a new atmosphere to your home with its vibrant colors and trend patterns.
The size of the product is 175x1x230 cm.",,80,80,85,,85,105,95,120,2,Cotton was used as the material. = It does not shrink due to washing. = It looks modern and stylish.,living room; shawl; antimacassar; weaving; multipurpose; seat; bergere; pillow; cotton; acrylic; patterned; colourful; fringed; non-slip; seat cover,eWorldPartner,3229382031,4975534051,9757178011,,,6537915051,2179885051,6647226011,sofa_slipcovers,2911207031,2896568031,2844380031,20853354031,27931881031,2970871031,2789849031,20650579031,"home decoration, home textile, sofa cover"
Antimacassar Elite Handmade Black 175 x 1 x 230 cm - Sofa Cover Super Soft Non Slip Strap Seat Cap Home Decoration,"47,46",Cotton,black,175x1x230,1,"It is made of cotton.
It has durable fabric and is long-lasting.
As it is washed, its colors do not fade and it maintains its softness.
The seat cover protects your seats in long-term use and prevents them from being deformed.
You can add a new atmosphere to your home with its vibrant colors and trend patterns.
The size of the product is 175x1x230 cm.",,80,80,85,,85,105,95,120,2,Cotton was used as the material. = It does not shrink due to washing. = It looks modern and stylish.,living room; shawl; antimacassar; weaving; multipurpose; seat; bergere; pillow; cotton; acrylic; patterned; colourful; fringed; non-slip; seat cover,eWorldPartner,3229382031,4975534051,9757178011,,,6537915051,2179885051,6647226011,sofa_slipcovers,2911207031,2896568031,2844380031,20853354031,27931881031,2970871031,2789849031,20650579031,"home decoration, home textile, sofa cover"
Antimacassar Elite Handmade Sofa Cover Super Soft Non Slip Strap Seat Cap Home Decoration 175 x 1 x 230 cm ,"50,49",Cotton,pink,175x1x230,1,"It is made of cotton.
It has durable fabric and is long-lasting.
As it is washed, its colors do not fade and it maintains its softness.
The seat cover protects your seats in long-term use and prevents them from being deformed.
You can add a new atmosphere to your home with its vibrant colors and trend patterns.
The size of the product is 175x1x230 cm.",,80,80,85,,85,105,95,120,2,Cotton was used as the material. = It does not shrink due to washing. = It looks modern and stylish.,living room; shawl; antimacassar; weaving; multipurpose; seat; bergere; pillow; cotton; acrylic; patterned; colourful; fringed; non-slip; seat cover,eWorldPartner,3229382031,4975534051,9757178011,,,6537915051,2179885051,6647226011,sofa_slipcovers,2911207031,2896568031,2844380031,20853354031,27931881031,2970871031,2789849031,20650579031,"home decoration, home textile, sofa cover"
Antimacassar Elite Handmade Yellow Sofa Cover Super Soft Non Slip Strap Seat Cap Home Decoration,"53,52",Cotton,yellow,175x1x230,1,"It is made of cotton.
It has durable fabric and is long-lasting.
As it is washed, its colors do not fade and it maintains its softness.
The seat cover protects your seats in long-term use and prevents them from being deformed.
You can add a new atmosphere to your home with its vibrant colors and trend patterns.
The size of the product is 175x1x230 cm.",,80,80,85,,85,105,95,120,2,Cotton was used as the material. = It does not shrink due to washing. = It looks modern and stylish.,living room; shawl; antimacassar; weaving; multipurpose; seat; bergere; pillow; cotton; acrylic; patterned; colourful; fringed; non-slip; seat cover,eWorldPartner,3229382031,4975534051,9757178011,,,6537915051,2179885051,6647226011,sofa_slipcovers,2911207031,2896568031,2844380031,20853354031,27931881031,2970871031,2789849031,20650579031,"home decoration, home textile, sofa cover"
Antimacassar Knitted Throw Decorative Home Accessory Bergere Cover Handmade Sofa Cover 170x130 cm,"57,56,55",Acrylic,gray,170x1x130,1,"It is made of 100% soft acrylic material.
It is a yarn created by passing through special processes.
Machine washable at 30 degrees.
Do not use bleach. Do not use a dryer. Do not iron. Flat spread drying is recommended.
Product Dimension: 130x1x170 cm",,99,99,105,,105,122,117,123,2,It is made of acrylic fabric. = It is suitable for multi-purpose use. = Suitable for armchairs and sofa.,living room; shawl; antimacassar; weaving; multipurpose; seat; bergere; pillow; cotton; acrylic; patterned; colourful; fringed; non-slip; seat cover,eWorldPartner,3229382031,4975534051,9757178011,,,6537915051,2179885051,6647226011,sofa_slipcovers,2911207031,2896568031,2844380031,20853354031,27931881031,2970871031,2789849031,20650579031,"home decoration, home textile, sofa cover"
Antimacassar Knitted Throw Decorative Home Accessory Bergere Cover Handmade Sofa Cover 170x130 cm,"60,58,59",Acrylic,green,170x1x130,1,"It is made of 100% soft acrylic material.
It is a yarn created by passing through special processes.
Machine washable at 30 degrees.
Do not use bleach. Do not use a dryer. Do not iron. Flat spread drying is recommended.
Product Dimension: 130x1x170 cm",,99,99,105,,105,122,117,123,2,It is made of acrylic fabric. = It is suitable for multi-purpose use. = Suitable for armchairs and sofa.,living room; shawl; antimacassar; weaving; multipurpose; seat; bergere; pillow; cotton; acrylic; patterned; colourful; fringed; non-slip; seat cover,eWorldPartner,3229382031,4975534051,9757178011,,,6537915051,2179885051,6647226011,sofa_slipcovers,2911207031,2896568031,2844380031,20853354031,27931881031,2970871031,2789849031,20650579031,"home decoration, home textile, sofa cover"
Sofa Cover Red Knitting Handmade Antimacassar Decorative Home Accessory Sofa Decoration Living Room Design 170x 130 cm,"63,62,61",Acrylic,red,170x1x130,1,"It is made of 100% soft acrylic material.
It is a yarn created by passing through special processes.
Machine washable at 30 degrees.
Do not use bleach. Do not use a dryer. Do not iron. Flat spread drying is recommended.
Product Dimension: 130x1x170 cm",,92,92,98,,98,115,110,117,2,It is made of acrylic fabric. = It is suitable for multi-purpose use. = Suitable for armchairs and sofa.,living room; shawl; antimacassar; weaving; multipurpose; seat; bergere; pillow; cotton; acrylic; patterned; colourful; fringed; non-slip; seat cover,eWorldPartner,3229382031,4975534051,9757178011,,,6537915051,2179885051,6647226011,sofa_slipcovers,2911207031,2896568031,2844380031,20853354031,27931881031,2970871031,2789849031,20650579031,"home decoration, home textile, sofa cover"
Antimacassar Home Knit Sofa Cover Beige Sofa Covers Bedding Home Decoration Multi-Purpose Knit Cover 170x130 cm,"66,65,64",Acrylic,beige,170x1x130,1,"It is made of 100% soft acrylic material.
It is a yarn created by passing through special processes.
Machine washable at 30 degrees.
Do not use bleach. Do not use a dryer. Do not iron. Flat spread drying is recommended.
Product Dimension: 130x1x170 cm",,92,92,98,,98,115,110,117,2,Cotton was used as the material. = It does not shrink due to washing. = It looks modern and stylish.,living room; shawl; antimacassar; weaving; multipurpose; seat; bergere; pillow; cotton; acrylic; patterned; colourful; fringed; non-slip; seat cover,eWorldPartner,3229382031,4975534051,9757178011,,,6537915051,2179885051,6647226011,sofa_slipcovers,2911207031,2896568031,2844380031,20853354031,27931881031,2970871031,2789849031,20650579031,"home decoration, home textile, sofa cover"
Sofa Cover 130X180 Traditional Woven Zigzag Pattern Throw  Tassel Sofa Cover Home Decoration Multi-purpose Cover,"67,69",Cotton,navy blue,180x1x1301,1,"It is made of cotton.
It has durable fabric and is long-lasting.
As it is washed, its colors do not fade and it maintains its softness.
The seat cover protects your seats in long-term use and prevents them from being deformed.
You can add a new atmosphere to your home with its vibrant colors and trend patterns.
The size of the product is 180x1x130 cm.",,104,104,110,,110,127,122,129,2,Cotton was used as the material. = It does not shrink due to washing. = It looks modern and stylish.,living room; shawl; antimacassar; weaving; multipurpose; seat; bergere; pillow; cotton; acrylic; patterned; colourful; fringed; non-slip; seat cover,eWorldPartner,3229382031,4975534051,9757178011,,,6537915051,2179885051,6647226011,sofa_slipcovers,2911207031,2896568031,2844380031,20853354031,27931881031,2970871031,2789849031,20650579031,"home decoration, home textile, sofa cover"
Sofa Cover Traditional Woven Zigzag Pattern Throw 130X180 Yellow Tassel Sofa Cover Home Decoration Multi-purpose Cover,"70,72",Cotton,green,180x1x1301,1,"It is made of cotton.
It has durable fabric and is long-lasting.
As it is washed, its colors do not fade and it maintains its softness.
The seat cover protects your seats in long-term use and prevents them from being deformed.
You can add a new atmosphere to your home with its vibrant colors and trend patterns.
The size of the product is 180x1x130 cm.",,104,104,110,,110,127,122,129,2,Cotton was used as the material. = It does not shrink due to washing. = It looks modern and stylish.,living room; shawl; antimacassar; weaving; multipurpose; seat; bergere; pillow; cotton; acrylic; patterned; colourful; fringed; non-slip; seat cover,eWorldPartner,3229382031,4975534051,9757178011,,,6537915051,2179885051,6647226011,sofa_slipcovers,2911207031,2896568031,2844380031,20853354031,27931881031,2970871031,2789849031,20650579031,"home decoration, home textile, sofa cover"
Antimacassar Cotton Knit Decorative Home Accessory Handmade T Sofa Cover 170x130 cm Home Decoration Multi-Purpose Cover,"73,74",Cotton,yellow,170x1x130,1,"It is made of cotton.
It has durable fabric and is long-lasting.
As it is washed, its colors do not fade and it maintains its softness.
The seat cover protects your seats in long-term use and prevents them from being deformed.
You can add a new atmosphere to your home with its vibrant colors and trend patterns.
The size of the product is 180x1x130 cm.",,99,99,105,,105,122,117,124,2,Cotton was used as the material. = It does not shrink due to washing. = It looks modern and stylish.,antimacassar; shawl; weaving; multipurpose; seat; bergere; pillow; cotton; acrylic; patterned; colourful; fringed; non-slip; seat cover; living room,eWorldPartner,3229382031,4975534051,9757178011,,,6537915051,2179885051,6647226011,sofa_slipcovers,2911207031,2896568031,2844380031,20853354031,27931881031,2970871031,2789849031,20650579031,"home decoration, home textile, sofa cover"
Antimacassar Cotton Knit Decorative Home Accessory Handmade Sofa Cover 170x130 cm Home Decoration Multi-Purpose Cover,"75,76",Cotton,orange,170x1x130,1,"It is made of cotton.
It has durable fabric and is long-lasting.
As it is washed, its colors do not fade and it maintains its softness.
The seat cover protects your seats in long-term use and prevents them from being deformed.
You can add a new atmosphere to your home with its vibrant colors and trend patterns.
The size of the product is 180x1x130 cm.",,99,99,105,,105,122,117,124,2,Cotton was used as the material. = It does not shrink due to washing. = It looks modern and stylish.,antimacassar; shawl; weaving; multipurpose; seat; bergere; pillow; cotton; acrylic; patterned; colourful; fringed; non-slip; seat cover; living room,eWorldPartner,3229382031,4975534051,9757178011,,,6537915051,2179885051,6647226011,sofa_slipcovers,2911207031,2896568031,2844380031,20853354031,27931881031,2970871031,2789849031,20650579031,"home decoration, home textile, sofa cover"
Armchair Couch Cover Betires Home Knit  Sofa Cover Machine Washable Sofa Caps Antimacassar Home Decoration 170x130 cm,"80,81",Acrylic,natural,170x1x130,1,"It is made of lambswool and acrylic material.
Machine washable at 30 degrees.
Do not use bleach. Do not use a dryer. Do not iron. Flat spread drying is recommended.
Product Dimension: 130x170 cm",,125,125,131,,131,148,143,150,2,It is made of acrylic fabric. = It is suitable for multi-purpose use. = Suitable for armchairs and sofa.,non-slip; seat cover; living room; shawl; antimacassar; weaving; multipurpose; seat; bergere; pillow; cotton; acrylic; patterned; colourful; fringed,eWorldPartner,3229382031,4975534051,9757178011,,,6537915051,2179885051,6647226011,sofa_slipcovers,2911207031,2896568031,2844380031,20853354031,27931881031,2970871031,2789849031,20650579031,"home decoration, home textile, sofa cover"
Armchair Couch Cover Betires Home Knit Gray Sofa Cover Machine Washable Sofa Caps Antimacassar Home Decoration 170x130 cm,"82,83",Acrylic,gray,170x1x130,1,"It is made of lambswool and acrylic material.
Machine washable at 30 degrees.
Do not use bleach. Do not use a dryer. Do not iron. Flat spread drying is recommended.
Product Dimension: 130x170 cm",,125,125,131,,131,148,143,150,2,It is made of acrylic fabric. = It is suitable for multi-purpose use. = Suitable for armchairs and sofa.,non-slip; seat cover; living room; shawl; antimacassar; weaving; multipurpose; seat; bergere; pillow; cotton; acrylic; patterned; colourful; fringed,eWorldPartner,3229382031,4975534051,9757178011,,,6537915051,2179885051,6647226011,sofa_slipcovers,2911207031,2896568031,2844380031,20853354031,27931881031,2970871031,2789849031,20650579031,"home decoration, home textile, sofa cover"
Antimacassar Knitted Throw Beige Decorative Home Accessory Living Room Seat Cover Handmade Sofa Cover 170x130 cm,"84,85",Acrylic,beige,170x1x130,1,"It is made of 100% soft acrylic material.
It is a yarn created by passing through special processes.
Machine washable at 30 degrees.
Do not use bleach. Do not use a dryer. Do not iron. Flat spread drying is recommended.
Product Dimension: 130x1x170 cm",,125,125,131,,131,148,143,150,2,It is made of acrylic fabric. = It is suitable for multi-purpose use. = Suitable for armchairs and sofa.,seat cover; living room; shawl; antimacassar; weaving; multipurpose; seat; bergere; pillow; cotton; acrylic; patterned; colourful; fringed; non-slip,eWorldPartner,3229382031,4975534051,9757178011,,,6537915051,2179885051,6647226011,sofa_slipcovers,2911207031,2896568031,2844380031,20853354031,27931881031,2970871031,2789849031,20650579031,"home decoration, home textile, sofa cover"
Sofa Cover Knitting Beige Handmade Antimacassar Decorative Home Accessory Sofa Decoration Bergere Cover Design 170x 130 cm,"86,87",Cotton ,beige,170x1x130,1,"It is made of 100% cotton material.
Machine washable at 30 degrees. Do not use bleach. Do not use a dryer. Do not iron. Flat spread drying is recommended.
It is suitable for multi-purpose use and its appearance is stylish.
Product Dimension: 130x170",,112,112,118,,118,135,130,137,2,Cotton was used as the material. = It does not shrink due to washing. = It looks modern and stylish.,living room; shawl; antimacassar; weaving; multipurpose; seat; bergere; pillow; cotton; acrylic; patterned; colourful; fringed; non-slip; seat cover,eWorldPartner,3229382031,4975534051,9757178011,,,6537915051,2179885051,6647226011,sofa_slipcovers,2911207031,2896568031,2844380031,20853354031,27931881031,2970871031,2789849031,20650579031,"home decoration, home textile, sofa cover"
Sofa Cover Knitting Pink Handmade Antimacassar Decorative Home Accessory Sofa Decoration Bergere Cover Design 170x 130 cm,"88,89",Cotton ,pink,170x1x130,1,"It is made of 100% cotton material.
Machine washable at 30 degrees. Do not use bleach. Do not use a dryer. Do not iron. Flat spread drying is recommended.
It is suitable for multi-purpose use and its appearance is stylish.
Product Dimension: 130x170",,112,112,118,,118,135,130,137,2,Cotton was used as the material. = It does not shrink due to washing. = It looks modern and stylish.,living room; shawl; antimacassar; weaving; multipurpose; seat; bergere; pillow; cotton; acrylic; patterned; colourful; fringed; non-slip; seat cover,eWorldPartner,3229382031,4975534051,9757178011,,,6537915051,2179885051,6647226011,sofa_slipcovers,2911207031,2896568031,2844380031,20853354031,27931881031,2970871031,2789849031,20650579031,"home decoration, home textile, sofa cover"
Sofa Cover Knitting Handmade Antimacassar Decorative Home Accessory Sofa Decoration Bergere Cover Design 170x 130 cm,"90,91",Cotton ,natural,170x1x130,1,"It is made of 100% cotton material.
Machine washable at 30 degrees. Do not use bleach. Do not use a dryer. Do not iron. Flat spread drying is recommended.
It is suitable for multi-purpose use and its appearance is stylish.
Product Dimension: 130x170",,112,112,118,,118,135,130,137,2,Cotton was used as the material. = It does not shrink due to washing. = It looks modern and stylish.,living room; shawl; antimacassar; weaving; multipurpose; seat; bergere; pillow; cotton; acrylic; patterned; colourful; fringed; non-slip; seat cover,eWorldPartner,3229382031,4975534051,9757178011,,,6537915051,2179885051,6647226011,sofa_slipcovers,2911207031,2896568031,2844380031,20853354031,27931881031,2970871031,2789849031,20650579031,"home decoration, home textile, sofa cover"
Sofa Cover Knitting Handmade Antimacassar Decorative Home Accessory Sofa Decoration Bergere Cover Design 170x 130 cm,93,Cotton ,green,170x1x130,1,"It is made of 100% cotton material.
Machine washable at 30 degrees. Do not use bleach. Do not use a dryer. Do not iron. Flat spread drying is recommended.
It is suitable for multi-purpose use and its appearance is stylish.
Product Dimension: 130x170",,112,112,118,,118,135,130,137,2,Cotton was used as the material. = It does not shrink due to washing. = It looks modern and stylish.,living room; shawl; antimacassar; weaving; multipurpose; seat; bergere; pillow; cotton; acrylic; patterned; colourful; fringed; non-slip; seat cover,eWorldPartner,3229382031,4975534051,9757178011,,,6537915051,2179885051,6647226011,sofa_slipcovers,2911207031,2896568031,2844380031,20853354031,27931881031,2970871031,2789849031,20650579031,"home decoration, home textile, sofa cover"
Antimacassar Knitted Throw Red Decorative Home Accessory Living Room Seat Cover Handmade Sofa Cover 170x130 cm Berger Cover,"94,95",Cotton ,red,170x1x130,1,"It is made of 100% soft cotton material.
It is a yarn created by passing through special processes.
Machine washable at 30 degrees.
Do not use bleach. Do not use a dryer. Do not iron. Flat spread drying is recommended.
Product Dimension: 130x1x170 cm",,115,115,121,,121,138,133,140,2,It is made of acrylic fabric. = It is suitable for multi-purpose use. = Suitable for armchairs and sofa.,living room; shawl; antimacassar; weaving; multipurpose; seat; bergere; pillow; cotton; acrylic; patterned; colourful; fringed; non-slip; seat cover,eWorldPartner,3229382031,4975534051,9757178011,,,6537915051,2179885051,6647226011,sofa_slipcovers,2911207031,2896568031,2844380031,20853354031,27931881031,2970871031,2789849031,20650579031,"home decoration, home textile, sofa cover"
Sofa Cover Green Knitting Handmade Antimacassar Decorative Home Accessory Seat Cover Decoration Living Room Design 170x 130 cm,"97,96",Cotton ,green,170x1x130,1,"It is made of 100% cotton material.
Machine washable at 30 degrees. Do not use bleach. Do not use a dryer. Do not iron. Flat spread drying is recommended.
It is suitable for multi-purpose use and its appearance is stylish.

Product Dimension: 130x170",,99,99,105,,105,122,117,124,2,Cotton was used as the material. = It does not shrink due to washing. = It looks modern and stylish.,seat cover; living room; shawl; antimacassar; weaving; multipurpose; seat; bergere; pillow; cotton; acrylic; patterned; colourful; fringed; non-slip,eWorldPartner,3229382031,4975534051,9757178011,,,6537915051,2179885051,6647226011,sofa_slipcovers,2911207031,2896568031,2844380031,20853354031,27931881031,2970871031,2789849031,20650579031,"home decoration, home textile, sofa cover"
Sofa Cover Knitting Handmade Antimacassar Decorative Home Accessory Seat Cover Decoration Living Room Design 170x 130 cm,"99,98",Cotton ,brown,170x1x130,1,"It is made of 100% cotton material.
Machine washable at 30 degrees. Do not use bleach. Do not use a dryer. Do not iron. Flat spread drying is recommended.
It is suitable for multi-purpose use and its appearance is stylish.

Product Dimension: 130x170",,99,99,105,,105,122,117,124,2,Cotton was used as the material. = It does not shrink due to washing. = It looks modern and stylish.,seat cover; living room; shawl; antimacassar; weaving; multipurpose; seat; bergere; pillow; cotton; acrylic; patterned; colourful; fringed; non-slip,eWorldPartner,3229382031,4975534051,9757178011,,,6537915051,2179885051,6647226011,sofa_slipcovers,2911207031,2896568031,2844380031,20853354031,27931881031,2970871031,2789849031,20650579031,"home decoration, home textile, sofa cover"
Antimacassar Knitting Sofa Shawl Cotton Machine Washable Furniture Protector Home Decoration Bergere Cover Sofa Cover,100,Cotton ,navy blue,170x1x130,1,"It is made of cotton.
It has durable fabric and is long-lasting.
As it is washed, its colors do not fade and it maintains its softness.
The seat cover protects your seats in long-term use and prevents them from being deformed.
You can add a new atmosphere to your home with its vibrant colors and trend patterns.
The size of the product is 170x1x130 cm.",,99,99,105,,105,122,117,124,2,Cotton was used as the material. = It does not shrink due to washing. = It looks modern and stylish.,seat cover; living room; shawl; antimacassar; weaving; multipurpose; seat; bergere; pillow; cotton; acrylic; patterned; colourful; fringed; non-slip,eWorldPartner,3229382031,4975534051,9757178011,,,6537915051,2179885051,6647226011,sofa_slipcovers,2911207031,2896568031,2844380031,20853354031,27931881031,2970871031,2789849031,20650579031,"home decoration, home textile, sofa cover"
Sofa Cover Knitting Handmade Antimacassar Decorative Home Accessory Seat Cover Decoration Living Room Design 170x 130 cm Bergere Cover,101,Cotton ,navy blue,170x1x130,1,"It is made of cotton.
It has durable fabric and is long-lasting.
As it is washed, its colors do not fade and it maintains its softness.
The seat cover protects your seats in long-term use and prevents them from being deformed.
You can add a new atmosphere to your home with its vibrant colors and trend patterns.
The size of the product is 170x1x130 cm.",,99,99,105,,105,122,117,124,2,It completely protects the seats. = Made of quality fabric. = It is a good product for your home.,non-slip; seat cover; living room; shawl; antimacassar; weaving; multipurpose; seat; bergere; pillow; cotton; acrylic; patterned; colourful; fringed,eWorldPartner,3229382031,4975534051,9757178011,,,6537915051,2179885051,6647226011,sofa_slipcovers,2911207031,2896568031,2844380031,20853354031,27931881031,2970871031,2789849031,20650579031,"home decoration, home textile, sofa cover"
Sofa Cover Knitting Handmade Antimacassar Decorative Home Accessory Seat Cover Decoration Living Room Design 170x 130 cm Bergere Cover,"105,104,102",Cotton ,ecru,170x1x130,1,"It is made of cotton.
It has durable fabric and is long-lasting.
As it is washed, its colors do not fade and it maintains its softness.
The seat cover protects your seats in long-term use and prevents them from being deformed.
You can add a new atmosphere to your home with its vibrant colors and trend patterns.
The size of the product is 170x1x130 cm.",,99,99,105,,105,122,117,124,2,It completely protects the seats. = Made of quality fabric. = It is a good product for your home.,non-slip; seat cover; living room; shawl; antimacassar; weaving; multipurpose; seat; bergere; pillow; cotton; acrylic; patterned; colourful; fringed,eWorldPartner,3229382031,4975534051,9757178011,,,6537915051,2179885051,6647226011,sofa_slipcovers,2911207031,2896568031,2844380031,20853354031,27931881031,2970871031,2789849031,20650579031,"home decoration, home textile, sofa cover"
Armchair Couch Cover Ecru Betires Home Knit  Sofa Cover Machine Washable Sofa Caps Antimacassar Home Decoration 170x130 cm,106,Acrylic,ecru,170x1x130,1,"It is made of 100% soft acrylic material.
It is a yarn created by passing through special processes.
Machine washable at 30 degrees.
Do not use bleach. Do not use a dryer. Do not iron. Flat spread drying is recommended.
Product Dimension: 130x1x170 cm",,99,99,105,,105,122,117,124,2,It completely protects the seats. = Made of quality fabric. = It is a good product for your home.,living room; shawl; antimacassar; weaving; multipurpose; seat; bergere; pillow; cotton; acrylic; patterned; colourful; fringed; non-slip; seat cover,eWorldPartner,3229382031,4975534051,9757178011,,,6537915051,2179885051,6647226011,sofa_slipcovers,2911207031,2896568031,2844380031,20853354031,27931881031,2970871031,2789849031,20650579031,"home decoration, home textile, sofa cover"
Armchair Couch Cover Betires Home Knit  Sofa Cover Machine Washable Sofa Caps Antimacassar Home Decoration 170x130 cm,"108,107",Acrylic,gray,170x1x130,1,"It is made of 100% soft acrylic material.
It is a yarn created by passing through special processes.
Machine washable at 30 degrees.
Do not use bleach. Do not use a dryer. Do not iron. Flat spread drying is recommended.
Product Dimension: 130x1x170 cm",,99,99,105,,105,122,117,124,2,It completely protects the seats. = Made of quality fabric. = It is a good product for your home.,living room; shawl; antimacassar; weaving; multipurpose; seat; bergere; pillow; cotton; acrylic; patterned; colourful; fringed; non-slip; seat cover,eWorldPartner,3229382031,4975534051,9757178011,,,6537915051,2179885051,6647226011,sofa_slipcovers,2911207031,2896568031,2844380031,20853354031,27931881031,2970871031,2789849031,20650579031,"home decoration, home textile, sofa cover"
Armchair Couch Cover Betires Home Knit Pink Sofa Cover Machine Washable Sofa Caps Antimacassar Home Decoration 170x130 cm,"110,109",Acrylic,pink,170x1x130,1,"It is made of 100% soft acrylic material.
It is a yarn created by passing through special processes.
Machine washable at 30 degrees.
Do not use bleach. Do not use a dryer. Do not iron. Flat spread drying is recommended.
Product Dimension: 130x1x170 cm",,99,99,105,,105,122,117,124,2,It completely protects the seats. = Made of quality fabric. = It is a good product for your home.,living room; shawl; antimacassar; weaving; multipurpose; seat; bergere; pillow; cotton; acrylic; patterned; colourful; fringed; non-slip; seat cover,eWorldPartner,3229382031,4975534051,9757178011,,,6537915051,2179885051,6647226011,sofa_slipcovers,2911207031,2896568031,2844380031,20853354031,27931881031,2970871031,2789849031,20650579031,"home decoration, home textile, sofa cover"
Armchair Couch Cover Betires Home Knit  Sofa Cover Machine Washable Sofa Caps Antimacassar Home Decoration 170x130 cm,"112,111",Acrylic,brown,170x1x130,1,"It is made of 100% soft acrylic material.
It is a yarn created by passing through special processes.
Machine washable at 30 degrees.
Do not use bleach. Do not use a dryer. Do not iron. Flat spread drying is recommended.
Product Dimension: 130x1x170 cm",,99,99,105,,105,122,117,124,2,It completely protects the seats. = Made of quality fabric. = It is a good product for your home.,living room; shawl; antimacassar; weaving; multipurpose; seat; bergere; pillow; cotton; acrylic; patterned; colourful; fringed; non-slip; seat cover,eWorldPartner,3229382031,4975534051,9757178011,,,6537915051,2179885051,6647226011,sofa_slipcovers,2911207031,2896568031,2844380031,20853354031,27931881031,2970871031,2789849031,20650579031,"home decoration, home textile, sofa cover"
Sofa Cover Knitting Handmade Bergere Cover Decorative Home Accessory Seat Cover Decoration Antimacassar Living Room Design 170x 130 cm ,"116,115,114",Acrylic,natural,170x1x130,1,"It is made of 100% soft acrylic material.
It is a yarn created by passing through special processes.
Machine washable at 30 degrees.
Do not use bleach. Do not use a dryer. Do not iron. Flat spread drying is recommended.
Product Dimension: 130x1x170 cm",,99,99,105,,105,122,117,124,2,It is made of acrylic fabric. = It is suitable for multi-purpose use. = Suitable for armchairs and sofa.,living room; shawl; antimacassar; weaving; multipurpose; seat; bergere; pillow; cotton; acrylic; patterned; colourful; fringed; non-slip; seat cover,eWorldPartner,3229382031,4975534051,9757178011,,,6537915051,2179885051,6647226011,sofa_slipcovers,2911207031,2896568031,2844380031,20853354031,27931881031,2970871031,2789849031,20650579031,"home decoration, home textile, sofa cover"
Sofa Cover Red Knitting Handmade Bergere Cover Decorative Home Accessory Seat Cover Decoration Antimacassar Living Room Design 170x 130 cm ,"120,119,118,117",Acrylic,red,170x1x130,1,"It is made of 100% soft acrylic material.
It is a yarn created by passing through special processes.
Machine washable at 30 degrees.
Do not use bleach. Do not use a dryer. Do not iron. Flat spread drying is recommended.
Product Dimension: 130x1x170 cm",,99,99,105,,105,122,117,124,2,It is made of acrylic fabric. = It is suitable for multi-purpose use. = Suitable for armchairs and sofa.,living room; shawl; antimacassar; weaving; multipurpose; seat; bergere; pillow; cotton; acrylic; patterned; colourful; fringed; non-slip; seat cover,eWorldPartner,3229382031,4975534051,9757178011,,,6537915051,2179885051,6647226011,sofa_slipcovers,2911207031,2896568031,2844380031,20853354031,27931881031,2970871031,2789849031,20650579031,"home decoration, home textile, sofa cover"
Sofa Cover Knitting Handmade Bergere Cover Decorative Home Accessory Seat Cover Decoration Antimacassar Living Room Design 170x 130 cm ,"124,123,122",Acrylic,gray,170x1x130,1,"It is made of 100% soft acrylic material.
It is a yarn created by passing through special processes.
Machine washable at 30 degrees.
Do not use bleach. Do not use a dryer. Do not iron. Flat spread drying is recommended.
Product Dimension: 130x1x170 cm",,99,99,105,,105,122,117,124,2,It is made of acrylic fabric. = It is suitable for multi-purpose use. = Suitable for armchairs and sofa.,living room; shawl; antimacassar; weaving; multipurpose; seat; bergere; pillow; cotton; acrylic; patterned; colourful; fringed; non-slip; seat cover,eWorldPartner,3229382031,4975534051,9757178011,,,6537915051,2179885051,6647226011,sofa_slipcovers,2911207031,2896568031,2844380031,20853354031,27931881031,2970871031,2789849031,20650579031,"home decoration, home textile, sofa cover"
Sofa Cover Knitting Handmade Bergere Cover Decorative Home Accessory Seat Cover Decoration Antimacassar Living Room Design 170 x 130 cm  ,"127,126,125",Acrylic,beige,170x1x130,1,"The knitted seat cover has a dense weaving.
It is made of the highest quality acrylic fabric and is very durable.
It does not deform in long use.
Apart from the seat cover, it is suitable for use as a multi-purpose cover.
Package Content: 1 Piece Knitted Sofa Cover
The size of the product is 170x1x130 cm.",,99,99,105,,105,122,117,124,2,It is made of acrylic fabric. = It is suitable for multi-purpose use. = Suitable for armchairs and sofa.,seat cover; living room; shawl; antimacassar; weaving; multipurpose; seat; bergere; pillow; cotton; acrylic; patterned; colourful; fringed; non-slip,eWorldPartner,3229382031,4975534051,9757178011,,,6537915051,2179885051,6647226011,sofa_slipcovers,2911207031,2896568031,2844380031,20853354031,27931881031,2970871031,2789849031,20650579031,"home decoration, home textile, sofa cover"
Sofa Cover Knitting Handmade Bergere Cover Decorative Home Accessory Seat Cover Decoration Antimacassar Living Room Design 170 x 130 cm  ,"130,129,128",Acrylic,purple,170x1x130,1,"The knitted seat cover has a dense weaving.
It is made of the highest quality acrylic fabric and is very durable.
It does not deform in long use.
Apart from the seat cover, it is suitable for use as a multi-purpose cover.
Package Content: 1 Piece Knitted Sofa Cover
The size of the product is 170x1x130 cm.",,99,99,105,,105,122,117,124,2,It is made of acrylic fabric. = It is suitable for multi-purpose use. = Suitable for armchairs and sofa.,seat cover; living room; shawl; antimacassar; weaving; multipurpose; seat; bergere; pillow; cotton; acrylic; patterned; colourful; fringed; non-slip,eWorldPartner,3229382031,4975534051,9757178011,,,6537915051,2179885051,6647226011,sofa_slipcovers,2911207031,2896568031,2844380031,20853354031,27931881031,2970871031,2789849031,20650579031,"home decoration, home textile, sofa cover"
Antimacassar Beige Knitting Sofa Shawl Cotton Machine Washable Furniture Protector Home Decoration Bergere Cover Sofa Cover,"131,132",Acrylic,beige,170x1x130,1,"The knitted seat cover has a dense weaving.
It is made of the highest quality acrylic fabric and is very durable.
It does not deform in long use.
Apart from the seat cover, it is suitable for use as a multi-purpose cover.
Package Content: 1 Piece Knitted Sofa Cover
The size of the product is 170x1x130 cm.",,99,99,105,,105,122,117,124,2,It completely protects the seats. = Made of quality fabric. = It is a good product for your home.,living room; shawl; antimacassar; weaving; multipurpose; seat; bergere; pillow; cotton; acrylic; patterned; colourful; fringed; non-slip; seat cover,eWorldPartner,3229382031,4975534051,9757178011,,,6537915051,2179885051,6647226011,sofa_slipcovers,2911207031,2896568031,2844380031,20853354031,27931881031,2970871031,2789849031,20650579031,"home decoration, home textile, sofa cover"
Antimacassar Knitting Sofa Shawl Cotton Machine Washable Furniture Protector Home Decoration Bergere Cover Sofa Cover,"134,133",Acrylic,ecru,170x1x130,1,"The knitted seat cover has a dense weaving.
It is made of the highest quality acrylic fabric and is very durable.
It does not deform in long use.
Apart from the seat cover, it is suitable for use as a multi-purpose cover.
Package Content: 1 Piece Knitted Sofa Cover
The size of the product is 170x1x130 cm.",,99,99,105,,105,122,117,124,2,It completely protects the seats. = Made of quality fabric. = It is a good product for your home.,living room; shawl; antimacassar; weaving; multipurpose; seat; bergere; pillow; cotton; acrylic; patterned; colourful; fringed; non-slip; seat cover,eWorldPartner,3229382031,4975534051,9757178011,,,6537915051,2179885051,6647226011,sofa_slipcovers,2911207031,2896568031,2844380031,20853354031,27931881031,2970871031,2789849031,20650579031,"home decoration, home textile, sofa cover"
Antimacassar Knitting Sofa Shawl Cotton Machine Washable Furniture Protector Home Decoration Bergere Cover Sofa Cover,"135,136",Acrylic,brown,170x1x130,1,"The knitted seat cover has a dense weaving.
It is made of the highest quality acrylic fabric and is very durable.
It does not deform in long use.
Apart from the seat cover, it is suitable for use as a multi-purpose cover.
Package Content: 1 Piece Knitted Sofa Cover
The size of the product is 170x1x130 cm.",,99,99,105,,105,122,117,124,2,It completely protects the seats. = Made of quality fabric. = It is a good product for your home.,living room; shawl; antimacassar; weaving; multipurpose; seat; bergere; pillow; cotton; acrylic; patterned; colourful; fringed; non-slip; seat cover,eWorldPartner,3229382031,4975534051,9757178011,,,6537915051,2179885051,6647226011,sofa_slipcovers,2911207031,2896568031,2844380031,20853354031,27931881031,2970871031,2789849031,20650579031,"home decoration, home textile, sofa cover"
Sofa Cover Knitting Handmade Bergere Cover Decorative Home Accessory Seat Cover Decoration Antimacassar Living Room Design 170 x 130 cm  ,137,Acrylic,beige,170x1x130,1,"It is made of 100% soft acrylic material.
It is a yarn created by passing through special processes.
Machine washable at 30 degrees.
Do not use bleach. Do not use a dryer. Do not iron. Flat spread drying is recommended.
Product Dimension: 130x1x170 cm",,104,104,110,,110,127,122,129,2,It is made of acrylic fabric. = It is suitable for multi-purpose use. = Suitable for armchairs and sofa.,seat cover; living room; shawl; antimacassar; weaving; multipurpose; seat; bergere; pillow; cotton; acrylic; patterned; colourful; fringed; non-slip,eWorldPartner,3229382031,4975534051,9757178011,,,6537915051,2179885051,6647226011,sofa_slipcovers,2911207031,2896568031,2844380031,20853354031,27931881031,2970871031,2789849031,20650579031,"home decoration, home textile, sofa cover"
Sofa Cover Knitting White Handmade Bergere Cover Decorative Home Accessory Seat Cover Decoration Antimacassar Living Room Design 170 x 130 cm  ,138,Acrylic,white,170x1x130,1,"It is made of 100% soft acrylic material.
It is a yarn created by passing through special processes.
Machine washable at 30 degrees.
Do not use bleach. Do not use a dryer. Do not iron. Flat spread drying is recommended.
Product Dimension: 130x1x170 cm",,104,104,110,,110,127,122,129,2,It is made of acrylic fabric. = It is suitable for multi-purpose use. = Suitable for armchairs and sofa.,seat cover; living room; shawl; antimacassar; weaving; multipurpose; seat; bergere; pillow; cotton; acrylic; patterned; colourful; fringed; non-slip,eWorldPartner,3229382031,4975534051,9757178011,,,6537915051,2179885051,6647226011,sofa_slipcovers,2911207031,2896568031,2844380031,20853354031,27931881031,2970871031,2789849031,20650579031,"home decoration, home textile, sofa cover"
Sofa Throw Cover Home Knit Seat Cover Machine Washable Bergere Covers Antimacassar Home Decor 170x130 cm,"141,140,139",Acrylic,purple,170x1x130,1,"The pretty sofa cover has a fine and light texture.
It is made of the highest quality acrylic fabric and is very durable.
It does not deform in long use.
Apart from the seat cover, it is suitable for use as a multi-purpose cover.
Package Content: 1 Piece  Seat Cover
The size of the product is 170x130 cm.",,104,104,110,,110,127,122,129,2,It is made of acrylic fabric. = It is suitable for multi-purpose use. = Suitable for armchairs and sofa.,living room; shawl; antimacassar; weaving; multipurpose; seat; bergere; pillow; cotton; acrylic; patterned; colourful; fringed; non-slip; seat cover,eWorldPartner,3229382031,4975534051,9757178011,,,6537915051,2179885051,6647226011,sofa_slipcovers,2911207031,2896568031,2844380031,20853354031,27931881031,2970871031,2789849031,20650579031,"home decoration, home textile, sofa cover"
Sofa Throw Cover Pink Home Soft Knit Seat Cover Machine Washable Bergere Covers Antimacassar Home Decor 170x130 cm,"144,143,142",Acrylic,pink,170x1x130,1,"The pretty sofa cover has a fine and light texture.
It is made of the highest quality acrylic fabric and is very durable.
It does not deform in long use.
Apart from the seat cover, it is suitable for use as a multi-purpose cover.
Package Content: 1 Piece  Seat Cover
The size of the product is 170x130 cm.",,104,104,110,,110,127,122,129,2,It is made of acrylic fabric. = It is suitable for multi-purpose use. = Suitable for armchairs and sofa.,living room; shawl; antimacassar; weaving; multipurpose; seat; bergere; pillow; cotton; acrylic; patterned; colourful; fringed; non-slip; seat cover,eWorldPartner,3229382031,4975534051,9757178011,,,6537915051,2179885051,6647226011,sofa_slipcovers,2911207031,2896568031,2844380031,20853354031,27931881031,2970871031,2789849031,20650579031,"home decoration, home textile, sofa cover"
Sofa Throw Cover Home Knit Seat Cover Machine Washable Bergere Covers Antimacassar Home Decor 170x130 cm,"147,146,145",Acrylic,beige,170x1x130,1,"The pretty sofa cover has a fine and light texture.
It is made of the highest quality acrylic fabric and is very durable.
It does not deform in long use.
Apart from the seat cover, it is suitable for use as a multi-purpose cover.
Package Content: 1 Piece  Seat Cover
The size of the product is 170x130 cm.",,104,104,110,,110,127,122,129,2,It is made of acrylic fabric. = It is suitable for multi-purpose use. = Suitable for armchairs and sofa.,living room; shawl; antimacassar; weaving; multipurpose; seat; bergere; pillow; cotton; acrylic; patterned; colourful; fringed; non-slip; seat cover,eWorldPartner,3229382031,4975534051,9757178011,,,6537915051,2179885051,6647226011,sofa_slipcovers,2911207031,2896568031,2844380031,20853354031,27931881031,2970871031,2789849031,20650579031,"home decoration, home textile, sofa cover"
Sofa Throw Cover Home Knit Seat Cover Machine Washable Bergere Covers Antimacassar Home Decor 170x130 cm,"150,149,149",Acrylic,brown,170x1x130,1,"The pretty sofa cover has a fine and light texture.
It is made of the highest quality acrylic fabric and is very durable.
It does not deform in long use.
Apart from the seat cover, it is suitable for use as a multi-purpose cover.
Package Content: 1 Piece  Seat Cover
The size of the product is 170x130 cm.",,104,104,110,,110,127,122,129,2,It is made of acrylic fabric. = It is suitable for multi-purpose use. = Suitable for armchairs and sofa.,living room; shawl; antimacassar; weaving; multipurpose; seat; bergere; pillow; cotton; acrylic; patterned; colourful; fringed; non-slip; seat cover,eWorldPartner,3229382031,4975534051,9757178011,,,6537915051,2179885051,6647226011,sofa_slipcovers,2911207031,2896568031,2844380031,20853354031,27931881031,2970871031,2789849031,20650579031,"home decoration, home textile, sofa cover"
Armchair Couch Cover Betires Home Sofa Cover Machine Washable Sofa Caps Antimacassar Home Decoration 180x300 cm,"154,153,151",Cotton,brown,180x1x300,1,"It is made of 100% Cotton material.
Product Dimension: 1 piece of Triple Seat Cover 180x300 Cm
Wash at 30 degrees by hand or in the washing machine with plenty of water.
Do not use bleach
Dry cleanable. Iron with a warm iron.
Quality Cotton Woven Material Is Durable",,92,92,98,,98,115,110,117,2,It completely protects the seats. = Made of quality fabric. = It is a good product for your home.,living room; shawl; antimacassar; weaving; multipurpose; seat; bergere; pillow; cotton; acrylic; patterned; colourful; fringed; non-slip; seat cover,eWorldPartner,3229382031,4975534051,9757178011,,,6537915051,2179885051,6647226011,sofa_slipcovers,2911207031,2896568031,2844380031,20853354031,27931881031,2970871031,2789849031,20650579031,"home decoration, home textile, sofa cover"
Armchair Couch Cover Betires Home Sofa Cover Machine Washable Sofa Caps Antimacassar Home Decoration 180x300 cm,"155,157,158,159",Cotton,gray,180x1x220,1,"It is made of 100% Cotton material.
Product Dimension: 1 piece of Triple Seat Cover 180x220 Cm
Wash at 30 degrees by hand or in the washing machine with plenty of water.
Do not use bleach
Dry cleanable. Iron with a warm iron.
Quality Cotton Woven Material Is Durable",,92,92,98,,98,115,110,117,2,It completely protects the seats. = Made of quality fabric. = It is a good product for your home.,living room; shawl; antimacassar; weaving; multipurpose; seat; bergere; pillow; cotton; acrylic; patterned; colourful; fringed; non-slip; seat cover,eWorldPartner,3229382031,4975534051,9757178011,,,6537915051,2179885051,6647226011,sofa_slipcovers,2911207031,2896568031,2844380031,20853354031,27931881031,2970871031,2789849031,20650579031,"home decoration, home textile, sofa cover"
Sofa Cover Traditional Woven Red Zigzag Pattern Throw 130X180 Tassel Sofa Cover Home Decoration Multi-purpose Bergere Cover,"160,161",Cotton,red,180x1x130,1,"It is made of 100% Cotton material.
Product Dimension: 1 piece of Triple Seat Cover 180x130 Cm
Wash at 30 degrees by hand or in the washing machine with plenty of water.
Do not use bleach
Dry cleanable. Iron with a warm iron.
Quality Cotton Woven Material Is Durable",,94,94,100,,100,117,112,119,2,Cotton was used as the material. = It does not shrink due to washing. = It looks modern and stylish.,seat cover; living room; shawl; antimacassar; weaving; multipurpose; seat; bergere; pillow; cotton; acrylic; patterned; colourful; fringed; non-slip,eWorldPartner,3229382031,4975534051,9757178011,,,6537915051,2179885051,6647226011,sofa_slipcovers,2911207031,2896568031,2844380031,20853354031,27931881031,2970871031,2789849031,20650579031,"home decoration, home textile, sofa cover"
Antimacassar Cotton Colorful Sofa Cover 180x300 cm Sofa Shawl  Machine Washable Furniture Protector Home Decoration,"163,164",Cotton,colorful,180x1x300,1,"It is made of 100% Cotton material.
Product Dimension: 1 piece of Triple Seat Cover 180x300 Cm
Wash at 30 degrees by hand or in the washing machine with plenty of water.
Do not use bleach
Dry cleanable. Iron with a warm iron.
Quality Cotton Woven Material Is Durable",,92,92,98,,98,115,110,117,2,Cotton was used as the material. = It does not shrink due to washing. = It looks modern and stylish.,seat cover; living room; shawl; antimacassar; weaving; multipurpose; seat; bergere; pillow; cotton; acrylic; patterned; colourful; fringed; non-slip,eWorldPartner,3229382031,4975534051,9757178011,,,6537915051,2179885051,6647226011,sofa_slipcovers,2911207031,2896568031,2844380031,20853354031,27931881031,2970871031,2789849031,20650579031,"home decoration, home textile, sofa cover"
Antimacassar Cotton Sofa Cover 180x220 cm Sofa Shawl  Machine Washable Furniture Protector Home Decoration,"165,166,167",Cotton,red,180x1x220,1,"It is made of 100% Cotton material.
Product Dimension: 1 piece of Triple Seat Cover 180x220 Cm
Wash at 30 degrees by hand or in the washing machine with plenty of water.
Do not use bleach
Dry cleanable. Iron with a warm iron.
Quality Cotton Woven Material Is Durable",,92,92,98,,98,115,110,117,2,It completely protects the seats. = Made of quality fabric. = It is a good product for your home.,living room; shawl; antimacassar; weaving; multipurpose; seat; bergere; pillow; cotton; acrylic; patterned; colourful; fringed; non-slip; seat cover,eWorldPartner,3229382031,4975534051,9757178011,,,6537915051,2179885051,6647226011,sofa_slipcovers,2911207031,2896568031,2844380031,20853354031,27931881031,2970871031,2789849031,20650579031,"home decoration, home textile, sofa cover"
Antimacassar Cotton Sofa Cover 180x220 cm Sofa Shawl  Machine Washable Furniture Protector Home Decoration,"173,174,175",Cotton,blue,180x1x220,1,"It is made of 100% Cotton material.
Product Dimension: 1 piece of Triple Seat Cover 180x220 Cm
Wash at 30 degrees by hand or in the washing machine with plenty of water.
Do not use bleach
Dry cleanable. Iron with a warm iron.
Quality Cotton Woven Material Is Durable",,92,92,98,,98,115,110,117,2,It completely protects the seats. = Made of quality fabric. = It is a good product for your home.,living room; shawl; antimacassar; weaving; multipurpose; seat; bergere; pillow; cotton; acrylic; patterned; colourful; fringed; non-slip; seat cover,eWorldPartner,3229382031,4975534051,9757178011,,,6537915051,2179885051,6647226011,sofa_slipcovers,2911207031,2896568031,2844380031,20853354031,27931881031,2970871031,2789849031,20650579031,"home decoration, home textile, sofa cover"
Antimacassar Cotton Sofa Cover 180x220 cm Sofa Shawl  Machine Washable Furniture Protector Home Decoration,"176,177,179",Cotton,gray,180x1x220,1,"It is made of 100% Cotton material.
Product Dimension: 1 piece of Triple Seat Cover 180x220 Cm
Wash at 30 degrees by hand or in the washing machine with plenty of water.
Do not use bleach
Dry cleanable. Iron with a warm iron.
Quality Cotton Woven Material Is Durable",,92,92,98,,98,115,110,117,2,It completely protects the seats. = Made of quality fabric. = It is a good product for your home.,living room; shawl; antimacassar; weaving; multipurpose; seat; bergere; pillow; cotton; acrylic; patterned; colourful; fringed; non-slip; seat cover,eWorldPartner,3229382031,4975534051,9757178011,,,6537915051,2179885051,6647226011,sofa_slipcovers,2911207031,2896568031,2844380031,20853354031,27931881031,2970871031,2789849031,20650579031,"home decoration, home textile, sofa cover"
Sofa Cover Knitting Handmade Antimacassar Decorative Home Accessory Seat Cover Decoration Living Room Design 170x 130 cm Bergere Cover,"182,181,180",Acrylic,pink,170x1x130,1,"It is made of 100% soft acrylic material.
It is a yarn created by passing through special processes.
Machine washable at 30 degrees.
Do not use bleach. Do not use a dryer. Do not iron. Flat spread drying is recommended.
Product Dimension: 130x1x170 cm",,100,100,106,,106,123,118,125,2,It completely protects the seats. = Made of quality fabric. = It is a good product for your home.,shawl; antimacassar; weaving; multipurpose; seat; bergere; pillow; cotton; acrylic; patterned; colourful; fringed; non-slip; seat cover; living room,eWorldPartner,3229382031,4975534051,9757178011,,,6537915051,2179885051,6647226011,sofa_slipcovers,2911207031,2896568031,2844380031,20853354031,27931881031,2970871031,2789849031,20650579031,"home decoration, home textile, sofa cover"
Antimacassar Knitting Sofa Shawl Cotton Machine Washable Furniture Protector Home Decoration Bergere Cover Sofa Cover 170x 130 cm,"185,184,183",Acrylic,pink,170x1x130,1,"It is made of 50% acrylic, 50% cotton material.
It is a yarn created by passing through special processes.
Machine washable at 30 degrees. Do not use bleach. Do not use a dryer.
With its stylish design, it completes the home decoration and adds color. 170x1x130",,99,99,105,,105,122,117,124,2,It is made of acrylic fabric. = It is suitable for multi-purpose use. = Suitable for armchairs and sofa.,living room; shawl; antimacassar; weaving; multipurpose; seat; bergere; pillow; cotton; acrylic; patterned; colourful; fringed; non-slip; seat cover,eWorldPartner,3229382031,4975534051,9757178011,,,6537915051,2179885051,6647226011,sofa_slipcovers,2911207031,2896568031,2844380031,20853354031,27931881031,2970871031,2789849031,20650579031,"home decoration, home textile, sofa cover"
Antimacassar Knitting Sofa Shawl Cotton Machine Washable Furniture Protector Home Decoration Bergere Cover Sofa Cover 170x 130 cm,"188,187",Acrylic,green,170x1x130,1,"It is made of 50% acrylic, 50% cotton material.
It is a yarn created by passing through special processes.
Machine washable at 30 degrees. Do not use bleach. Do not use a dryer.
With its stylish design, it completes the home decoration and adds color. 170x1x130",,99,99,105,,105,122,117,124,2,It is made of acrylic fabric. = It is suitable for multi-purpose use. = Suitable for armchairs and sofa.,living room; shawl; antimacassar; weaving; multipurpose; seat; bergere; pillow; cotton; acrylic; patterned; colourful; fringed; non-slip; seat cover,eWorldPartner,3229382031,4975534051,9757178011,,,6537915051,2179885051,6647226011,sofa_slipcovers,2911207031,2896568031,2844380031,20853354031,27931881031,2970871031,2789849031,20650579031,"home decoration, home textile, sofa cover"
Sofa Throw Cover Home Knit Seat Cover Machine Washable Bergere Covers Antimacassar Home Decor 170x130 cm,"191,190,189",Acrylic,gray,170x1x130,1,"The pretty sofa cover has a fine and light texture.
It is made of the highest quality acrylic fabric and is very durable.
It does not deform in long use.
Apart from the seat cover, it is suitable for use as a multi-purpose cover.
Package Content: 1 Piece  Seat Cover
The size of the product is 170x130 cm.",,99,99,105,,105,122,117,124,2,It is made of acrylic fabric. = It is suitable for multi-purpose use. = Suitable for armchairs and sofa.,non-slip; seat cover; living room; shawl; antimacassar; weaving; multipurpose; seat; bergere; pillow; cotton; acrylic; patterned; colourful; fringed,eWorldPartner,3229382031,4975534051,9757178011,,,6537915051,2179885051,6647226011,sofa_slipcovers,2911207031,2896568031,2844380031,20853354031,27931881031,2970871031,2789849031,20650579031,"home decoration, home textile, sofa cover"
Antimacassar Knitting Sofa Shawl Cotton Machine Washable Furniture Protector Home Decoration Bergere Cover Sofa Cover 170x 130 cm,"194,193,192",Acrylic,blue,170x1x130,1,"The pretty sofa cover has a fine and light texture.
It is made of the highest quality acrylic fabric and is very durable.
It does not deform in long use.
Apart from the seat cover, it is suitable for use as a multi-purpose cover.
Package Content: 1 Piece Beige Seat Cover
The size of the product is 170x130 cm.",,99,99,105,,105,122,117,124,2,It is made of acrylic fabric. = It is suitable for multi-purpose use. = Suitable for armchairs and sofa.,non-slip; seat cover; living room; shawl; antimacassar; weaving; multipurpose; seat; bergere; pillow; cotton; acrylic; patterned; colourful; fringed,eWorldPartner,3229382031,4975534051,9757178011,,,6537915051,2179885051,6647226011,sofa_slipcovers,2911207031,2896568031,2844380031,20853354031,27931881031,2970871031,2789849031,20650579031,"home decoration, home textile, sofa cover"
Sofa Caps Sofa Cover Knit Cotton Furniture Protector For Living Room Home Decoration 170 x 1 x 300 cm Bergere Cover,195,Cotton,navy blue,170x1x130,1,"It is made of cotton.
It has durable fabric and is long-lasting.
As it is washed, its colors do not fade and it maintains its softness.
The seat cover protects your seats in long-term use and prevents them from being deformed.
You can add a new atmosphere to your home with its vibrant colors and trend patterns.
The size of the product is 170x1x130 cm.",,99,99,105,,105,122,117,124,2,It completely protects the seats. = Made of quality fabric. = It is a good product for your home.,shawl; antimacassar; weaving; multipurpose; seat; bergere; pillow; cotton; acrylic; patterned; colourful; fringed; non-slip; seat cover; living room,eWorldPartner,3229382031,4975534051,9757178011,,,6537915051,2179885051,6647226011,sofa_slipcovers,2911207031,2896568031,2844380031,20853354031,27931881031,2970871031,2789849031,20650579031,"home decoration, home textile, sofa cover"
Sofa Caps Sofa Cover Knit Cotton Furniture Protector For Living Room Home Decoration 170 x 1 x 300 cm Bergere Cover,"196,197",Cotton,beige,170x1x130,1,"It is made of cotton.
It has durable fabric and is long-lasting.
As it is washed, its colors do not fade and it maintains its softness.
The seat cover protects your seats in long-term use and prevents them from being deformed.
You can add a new atmosphere to your home with its vibrant colors and trend patterns.
The size of the product is 170x1x130 cm.",,99,99,105,,105,122,117,124,2,It completely protects the seats. = Made of quality fabric. = It is a good product for your home.,shawl; antimacassar; weaving; multipurpose; seat; bergere; pillow; cotton; acrylic; patterned; colourful; fringed; non-slip; seat cover; living room,eWorldPartner,3229382031,4975534051,9757178011,,,6537915051,2179885051,6647226011,sofa_slipcovers,2911207031,2896568031,2844380031,20853354031,27931881031,2970871031,2789849031,20650579031,"home decoration, home textile, sofa cover"
Bergere Cover Knitting Handmade Antimacassar Decorative Home Accessory Seat Cover Decoration Living Room Design 170x 130 cm Seat Cover,"199,198",Cotton,pink,170x1x130,1,"It is made of cotton.
It has durable fabric and is long-lasting.
As it is washed, its colors do not fade and it maintains its softness.
The seat cover protects your seats in long-term use and prevents them from being deformed.
You can add a new atmosphere to your home with its vibrant colors and trend patterns.
The size of the product is 170x1x130 cm.",,99,99,105,,105,122,117,124,2,Cotton was used as the material. = It does not shrink due to washing. = It looks modern and stylish.,shawl; antimacassar; weaving; multipurpose; seat; bergere; pillow; cotton; acrylic; patterned; colourful; fringed; non-slip; seat cover; living room,eWorldPartner,3229382031,4975534051,9757178011,,,6537915051,2179885051,6647226011,sofa_slipcovers,2911207031,2896568031,2844380031,20853354031,27931881031,2970871031,2789849031,20650579031,"home decoration, home textile, sofa cover"
Bergere Cover Knitting Handmade Antimacassar Decorative Home Accessory Seat Cover Decoration Living Room Design 170x 130 cm Seat Cover,"200,201",Cotton,purple,170x1x130,1,"It is made of cotton.
It has durable fabric and is long-lasting.
As it is washed, its colors do not fade and it maintains its softness.
The seat cover protects your seats in long-term use and prevents them from being deformed.
You can add a new atmosphere to your home with its vibrant colors and trend patterns.
The size of the product is 170x1x130 cm.",,99,99,105,,105,122,117,124,2,Cotton was used as the material. = It does not shrink due to washing. = It looks modern and stylish.,shawl; antimacassar; weaving; multipurpose; seat; bergere; pillow; cotton; acrylic; patterned; colourful; fringed; non-slip; seat cover; living room,eWorldPartner,3229382031,4975534051,9757178011,,,6537915051,2179885051,6647226011,sofa_slipcovers,2911207031,2896568031,2844380031,20853354031,27931881031,2970871031,2789849031,20650579031,"home decoration, home textile, sofa cover"
Bergere Cover Knitting Handmade Antimacassar Decorative Home Accessory Seat Cover Decoration Living Room Design 170x 130 cm Seat Cover,"203,202",Cotton,ecru,170x1x130,1,"It is made of cotton.
It has durable fabric and is long-lasting.
As it is washed, its colors do not fade and it maintains its softness.
The seat cover protects your seats in long-term use and prevents them from being deformed.
You can add a new atmosphere to your home with its vibrant colors and trend patterns.
The size of the product is 170x1x130 cm.",,99,99,105,,105,122,117,124,2,Cotton was used as the material. = It does not shrink due to washing. = It looks modern and stylish.,shawl; antimacassar; weaving; multipurpose; seat; bergere; pillow; cotton; acrylic; patterned; colourful; fringed; non-slip; seat cover; living room,eWorldPartner,3229382031,4975534051,9757178011,,,6537915051,2179885051,6647226011,sofa_slipcovers,2911207031,2896568031,2844380031,20853354031,27931881031,2970871031,2789849031,20650579031,"home decoration, home textile, sofa cover"
Bergere Cover Knitting Handmade Antimacassar Decorative Home Accessory Seat Cover Decoration Living Room Design 170x 130 cm Seat Cover,"205,204",Acrylic,beige,170x1x130,1,"The pretty sofa cover has a fine and light texture.
It is made of the highest quality acrylic fabric and is very durable.
It does not deform in long use.
Apart from the seat cover, it is suitable for use as a multi-purpose cover.
Package Content: 1 Piece  Seat Cover
The size of the product is 170x130 cm.",,99,99,105,,105,122,117,124,2,It is made of acrylic fabric. = It is suitable for multi-purpose use. = Suitable for armchairs and sofa.,non-slip; seat cover; living room; shawl; antimacassar; weaving; multipurpose; seat; bergere; pillow; cotton; acrylic; patterned; colourful; fringed,eWorldPartner,3229382031,4975534051,9757178011,,,6537915051,2179885051,6647226011,sofa_slipcovers,2911207031,2896568031,2844380031,20853354031,27931881031,2970871031,2789849031,20650579031,"home decoration, home textile, sofa cover"
Bergere Cover Knitting Handmade Antimacassar Decorative Home Accessory Seat Cover Decoration Living Room Design 170x 130 cm Seat Cover,"207,206",Acrylic,gray,170x1x130,1,"The pretty sofa cover has a fine and light texture.
It is made of the highest quality acrylic fabric and is very durable.
It does not deform in long use.
Apart from the seat cover, it is suitable for use as a multi-purpose cover.
Package Content: 1 Piece  Seat Cover
The size of the product is 170x130 cm.",,99,99,105,,105,122,117,124,2,It is made of acrylic fabric. = It is suitable for multi-purpose use. = Suitable for armchairs and sofa.,non-slip; seat cover; living room; shawl; antimacassar; weaving; multipurpose; seat; bergere; pillow; cotton; acrylic; patterned; colourful; fringed,eWorldPartner,3229382031,4975534051,9757178011,,,6537915051,2179885051,6647226011,sofa_slipcovers,2911207031,2896568031,2844380031,20853354031,27931881031,2970871031,2789849031,20650579031,"home decoration, home textile, sofa cover"
Bergere Cover Knitting Handmade Antimacassar Decorative Home Accessory Seat Cover Decoration Living Room Design 170x 130 cm Seat Cover,"209,208",Acrylic,purple,170x1x130,1,"The pretty sofa cover has a fine and light texture.
It is made of the highest quality acrylic fabric and is very durable.
It does not deform in long use.
Apart from the seat cover, it is suitable for use as a multi-purpose cover.
Package Content: 1 Piece  Seat Cover
The size of the product is 170x130 cm.",,99,99,105,,105,122,117,124,2,It is made of acrylic fabric. = It is suitable for multi-purpose use. = Suitable for armchairs and sofa.,non-slip; seat cover; living room; shawl; antimacassar; weaving; multipurpose; seat; bergere; pillow; cotton; acrylic; patterned; colourful; fringed,eWorldPartner,3229382031,4975534051,9757178011,,,6537915051,2179885051,6647226011,sofa_slipcovers,2911207031,2896568031,2844380031,20853354031,27931881031,2970871031,2789849031,20650579031,"home decoration, home textile, sofa cover"
Armchair Couch Cover Home Sofa Cover Machine Washable Sofa Caps Antimacassar Home Decoration 170x130 cm Bergere Shawl,"210,211",Cotton,red,170x1x130,1,"The pretty sofa cover has a fine and light texture.
It is made of the highest quality cotton fabric and is very durable.
It does not deform in long use.
Apart from the seat cover, it is suitable for use as a multi-purpose cover.
Package Content: 1 Piece  Seat Cover
The size of the product is 170x130 cm.",,99,99,105,,105,122,117,124,2,Cotton was used as the material. = It does not shrink due to washing. = It looks modern and stylish.,shawl; antimacassar; weaving; multipurpose; seat; bergere; pillow; cotton; acrylic; patterned; colourful; fringed; non-slip; seat cover; living room,eWorldPartner,3229382031,4975534051,9757178011,,,6537915051,2179885051,6647226011,sofa_slipcovers,2911207031,2896568031,2844380031,20853354031,27931881031,2970871031,2789849031,20650579031,"home decoration, home textile, sofa cover"
Armchair Couch Cover Home Sofa Cover Machine Washable Sofa Caps Antimacassar Home Decoration 170x130 cm Bergere Shawl,"212,213",Cotton,navy blue,170x1x130,1,"The pretty sofa cover has a fine and light texture.
It is made of the highest quality cotton fabric and is very durable.
It does not deform in long use.
Apart from the seat cover, it is suitable for use as a multi-purpose cover.
Package Content: 1 Piece  Seat Cover
The size of the product is 170x130 cm.",,99,99,105,,105,122,117,124,2,Cotton was used as the material. = It does not shrink due to washing. = It looks modern and stylish.,shawl; antimacassar; weaving; multipurpose; seat; bergere; pillow; cotton; acrylic; patterned; colourful; fringed; non-slip; seat cover; living room,eWorldPartner,3229382031,4975534051,9757178011,,,6537915051,2179885051,6647226011,sofa_slipcovers,2911207031,2896568031,2844380031,20853354031,27931881031,2970871031,2789849031,20650579031,"home decoration, home textile, sofa cover"
Armchair Couch Cover Home Sofa Cover Machine Washable Sofa Caps Antimacassar Home Decoration 170x130 cm Bergere Shawl,"214,215",Cotton,purple,170x1x130,1,"The pretty sofa cover has a fine and light texture.
It is made of the highest quality cotton fabric and is very durable.
It does not deform in long use.
Apart from the seat cover, it is suitable for use as a multi-purpose cover.
Package Content: 1 Piece  Seat Cover
The size of the product is 170x130 cm.",,99,99,105,,105,122,117,124,2,Cotton was used as the material. = It does not shrink due to washing. = It looks modern and stylish.,shawl; antimacassar; weaving; multipurpose; seat; bergere; pillow; cotton; acrylic; patterned; colourful; fringed; non-slip; seat cover; living room,eWorldPartner,3229382031,4975534051,9757178011,,,6537915051,2179885051,6647226011,sofa_slipcovers,2911207031,2896568031,2844380031,20853354031,27931881031,2970871031,2789849031,20650579031,"home decoration, home textile, sofa cover"
Armchair Couch Cover Home Sofa Cover Machine Washable Sofa Caps Antimacassar Home Decoration 170x130 cm Bergere Shawl,"216,217",Cotton,pink,170x1x130,1,"The pretty sofa cover has a fine and light texture.
It is made of the highest quality cotton fabric and is very durable.
It does not deform in long use.
Apart from the seat cover, it is suitable for use as a multi-purpose cover.
Package Content: 1 Piece  Seat Cover
The size of the product is 170x130 cm.",,99,99,105,,105,122,117,124,2,Cotton was used as the material. = It does not shrink due to washing. = It looks modern and stylish.,shawl; antimacassar; weaving; multipurpose; seat; bergere; pillow; cotton; acrylic; patterned; colourful; fringed; non-slip; seat cover; living room,eWorldPartner,3229382031,4975534051,9757178011,,,6537915051,2179885051,6647226011,sofa_slipcovers,2911207031,2896568031,2844380031,20853354031,27931881031,2970871031,2789849031,20650579031,"home decoration, home textile, sofa cover"
Armchair Couch Cover Home Sofa Cover Machine Washable Sofa Caps Antimacassar Home Decoration 170x130 cm Bergere Shawl,"218,219",Cotton,green,170x1x130,1,"The pretty sofa cover has a fine and light texture.
It is made of the highest quality cotton fabric and is very durable.
It does not deform in long use.
Apart from the seat cover, it is suitable for use as a multi-purpose cover.
Package Content: 1 Piece  Seat Cover
The size of the product is 170x130 cm.",,99,99,105,,105,122,117,124,2,Cotton was used as the material. = It does not shrink due to washing. = It looks modern and stylish.,shawl; antimacassar; weaving; multipurpose; seat; bergere; pillow; cotton; acrylic; patterned; colourful; fringed; non-slip; seat cover; living room,eWorldPartner,3229382031,4975534051,9757178011,,,6537915051,2179885051,6647226011,sofa_slipcovers,2911207031,2896568031,2844380031,20853354031,27931881031,2970871031,2789849031,20650579031,"home decoration, home textile, sofa cover"
Sofa Cover Knitting Handmade Antimacassar Decorative Home Accessory Seat Cover Decoration Living Room Design 170x 130 cm Bergere Cover,"221,220",Acrylic,red,170x1x130,1,"It is made entirely of acrylic material.
Machine washable at 30 degrees.
Do not use bleach.
Do not use a dryer.
Do not iron.
Flat spread drying is recommended.
Product size is 170x1x130 cm.",,94,94,100,,100,117,112,119,2,It is made of acrylic fabric. = It is suitable for multi-purpose use. = Suitable for armchairs and sofa.,shawl; antimacassar; weaving; multipurpose; seat; bergere; pillow; cotton; acrylic; patterned; colourful; fringed; non-slip; seat cover; living room,eWorldPartner,3229382031,4975534051,9757178011,,,6537915051,2179885051,6647226011,sofa_slipcovers,2911207031,2896568031,2844380031,20853354031,27931881031,2970871031,2789849031,20650579031,"home decoration, home textile, sofa cover"
Sofa Cover Knitting Handmade Antimacassar Decorative Home Accessory Seat Cover Decoration Living Room Design 170x 130 cm Bergere Cover,"223,222",Acrylic,brown,170x1x130,1,"It is made entirely of acrylic material.
Machine washable at 30 degrees.
Do not use bleach.
Do not use a dryer.
Do not iron.
Flat spread drying is recommended.
Product size is 170x1x130 cm.",,94,94,100,,100,117,112,119,2,It is made of acrylic fabric. = It is suitable for multi-purpose use. = Suitable for armchairs and sofa.,shawl; antimacassar; weaving; multipurpose; seat; bergere; pillow; cotton; acrylic; patterned; colourful; fringed; non-slip; seat cover; living room,eWorldPartner,3229382031,4975534051,9757178011,,,6537915051,2179885051,6647226011,sofa_slipcovers,2911207031,2896568031,2844380031,20853354031,27931881031,2970871031,2789849031,20650579031,"home decoration, home textile, sofa cover"
Sofa Cover Knitting Handmade Antimacassar Decorative Home Accessory Seat Cover Decoration Living Room Design 170x 130 cm Bergere Cover,"225,224",Acrylic,natural,170x1x130,1,"It is made entirely of acrylic material.
Machine washable at 30 degrees.
Do not use bleach.
Do not use a dryer.
Do not iron.
Flat spread drying is recommended.
Product size is 170x1x130 cm.",,94,94,100,,100,117,112,119,2,It is made of acrylic fabric. = It is suitable for multi-purpose use. = Suitable for armchairs and sofa.,shawl; antimacassar; weaving; multipurpose; seat; bergere; pillow; cotton; acrylic; patterned; colourful; fringed; non-slip; seat cover; living room,eWorldPartner,3229382031,4975534051,9757178011,,,6537915051,2179885051,6647226011,sofa_slipcovers,2911207031,2896568031,2844380031,20853354031,27931881031,2970871031,2789849031,20650579031,"home decoration, home textile, sofa cover"
Bergere Cover Knitting Handmade Antimacassar Decorative Home Accessory Seat Cover Decoration Living Room Design 170x 130 cm Seat Cover,"227,226",Acrylic,black,170x1x130,1,"It is made entirely of acrylic material.
Machine washable at 30 degrees.
Do not use bleach.
Do not use a dryer.
Do not iron.
Flat spread drying is recommended.
Product size is 170x1x130 cm.",,94,94,100,,100,117,112,119,2,It is made of acrylic fabric. = It is suitable for multi-purpose use. = Suitable for armchairs and sofa.,living room; shawl; antimacassar; weaving; multipurpose; seat; bergere; pillow; cotton; acrylic; patterned; colourful; fringed; non-slip; seat cover,eWorldPartner,3229382031,4975534051,9757178011,,,6537915051,2179885051,6647226011,sofa_slipcovers,2911207031,2896568031,2844380031,20853354031,27931881031,2970871031,2789849031,20650579031,"home decoration, home textile, sofa cover"
Bergere Cover Knitting Handmade Antimacassar Decorative Home Accessory Seat Cover Decoration Living Room Design 170x 130 cm Seat Cover,"229,228",Acrylic,red,170x1x130,1,"It is made entirely of acrylic material.
Machine washable at 30 degrees.
Do not use bleach.
Do not use a dryer.
Do not iron.
Flat spread drying is recommended.
Product size is 170x1x130 cm.",,94,94,100,,100,117,112,119,2,It is made of acrylic fabric. = It is suitable for multi-purpose use. = Suitable for armchairs and sofa.,living room; shawl; antimacassar; weaving; multipurpose; seat; bergere; pillow; cotton; acrylic; patterned; colourful; fringed; non-slip; seat cover,eWorldPartner,3229382031,4975534051,9757178011,,,6537915051,2179885051,6647226011,sofa_slipcovers,2911207031,2896568031,2844380031,20853354031,27931881031,2970871031,2789849031,20650579031,"home decoration, home textile, sofa cover"
Armchair Couch Cover Home Sofa Cover Machine Washable Sofa Soft Antimacassar Home Decoration 170x130 cm Bergere Shawl,"231,230",Acrylic,beige,170x1x130,1,"It is made of 100% soft acrylic material.
It is a yarn created by passing through special processes.
Machine washable at 30 degrees.
Do not use bleach. Do not use a dryer. Do not iron. Flat spread drying is recommended.
Product Dimension: 130x1x170 cm",,99,99,105,,105,122,117,124,2,It completely protects the seats. = Made of quality fabric. = It is a good product for your home.,living room; shawl; antimacassar; weaving; multipurpose; seat; bergere; pillow; cotton; acrylic; patterned; colourful; fringed; non-slip; seat cover,eWorldPartner,3229382031,4975534051,9757178011,,,6537915051,2179885051,6647226011,sofa_slipcovers,2911207031,2896568031,2844380031,20853354031,27931881031,2970871031,2789849031,20650579031,"home decoration, home textile, sofa cover"
Armchair Couch Cover Home Sofa Cover Machine Washable Sofa Soft Antimacassar Home Decoration 170x130 cm Bergere Shawl,"233,232",Acrylic,blue,170x1x130,1,"It is made of 100% soft acrylic material.
It is a yarn created by passing through special processes.
Machine washable at 30 degrees.
Do not use bleach. Do not use a dryer. Do not iron. Flat spread drying is recommended.
Product Dimension: 130x1x170 cm",,99,99,105,,105,122,117,124,2,It completely protects the seats. = Made of quality fabric. = It is a good product for your home.,living room; shawl; antimacassar; weaving; multipurpose; seat; bergere; pillow; cotton; acrylic; patterned; colourful; fringed; non-slip; seat cover,eWorldPartner,3229382031,4975534051,9757178011,,,6537915051,2179885051,6647226011,sofa_slipcovers,2911207031,2896568031,2844380031,20853354031,27931881031,2970871031,2789849031,20650579031,"home decoration, home textile, sofa cover"
Bergere Cover Knitting Handmade Antimacassar Decorative Home Accessory Seat Cover Decoration Living Room Design 170x 130 cm Seat Cover,"236,235,234",Acrylic,natural,170x1x130,1,"It is made of 100% soft acrylic material.
It is a yarn created by passing through special processes.
Machine washable at 30 degrees.
Do not use bleach. Do not use a dryer. Do not iron. Flat spread drying is recommended.
Product Dimension: 130x1x170 cm",,99,99,105,,105,122,117,124,2,It completely protects the seats. = Made of quality fabric. = It is a good product for your home.,shawl; antimacassar; weaving; multipurpose; seat; bergere; pillow; cotton; acrylic; patterned; colourful; fringed; non-slip; seat cover; living room,eWorldPartner,3229382031,4975534051,9757178011,,,6537915051,2179885051,6647226011,sofa_slipcovers,2911207031,2896568031,2844380031,20853354031,27931881031,2970871031,2789849031,20650579031,"home decoration, home textile, sofa cover"
Bergere Cover Knitting Handmade Antimacassar Decorative Home Accessory Seat Cover Decoration Living Room Design 170x 130 cm Seat Cover,"239,238,237",Acrylic,ecru,170x1x130,1,"It is made of 100% soft acrylic material.
It is a yarn created by passing through special processes.
Machine washable at 30 degrees.
Do not use bleach. Do not use a dryer. Do not iron. Flat spread drying is recommended.
Product Dimension: 130x1x170 cm",,99,99,105,,105,122,117,124,2,It completely protects the seats. = Made of quality fabric. = It is a good product for your home.,shawl; antimacassar; weaving; multipurpose; seat; bergere; pillow; cotton; acrylic; patterned; colourful; fringed; non-slip; seat cover; living room,eWorldPartner,3229382031,4975534051,9757178011,,,6537915051,2179885051,6647226011,sofa_slipcovers,2911207031,2896568031,2844380031,20853354031,27931881031,2970871031,2789849031,20650579031,"home decoration, home textile, sofa cover"
Bergere Cover Knitting Handmade Antimacassar Decorative Home Accessory Seat Cover Decoration Living Room Design 170x 130 cm Seat Cover,"242,241,240",Acrylic,brown,170x1x130,1,"It is made of 100% soft acrylic material.
It is a yarn created by passing through special processes.
Machine washable at 30 degrees.
Do not use bleach. Do not use a dryer. Do not iron. Flat spread drying is recommended.
Product Dimension: 130x1x170 cm",,99,99,105,,105,122,117,124,2,It is made of acrylic fabric. = It is suitable for multi-purpose use. = Suitable for armchairs and sofa.,shawl; antimacassar; weaving; multipurpose; seat; bergere; pillow; cotton; acrylic; patterned; colourful; fringed; non-slip; seat cover; living room,eWorldPartner,3229382031,4975534051,9757178011,,,6537915051,2179885051,6647226011,sofa_slipcovers,2911207031,2896568031,2844380031,20853354031,27931881031,2970871031,2789849031,20650579031,"home decoration, home textile, sofa cover"
Bergere Cover Knitting Handmade Antimacassar Decorative Home Accessory Seat Cover Decoration Living Room Design 170x 130 cm Seat Cover,"243,244",Acrylic,beige,170x1x130,1,"It is made of 100% soft acrylic material.
It is a yarn created by passing through special processes.
Machine washable at 30 degrees.
Do not use bleach. Do not use a dryer. Do not iron. Flat spread drying is recommended.
Product Dimension: 130x1x170 cm",,99,99,105,,105,122,117,124,2,It is made of acrylic fabric. = It is suitable for multi-purpose use. = Suitable for armchairs and sofa.,shawl; antimacassar; weaving; multipurpose; seat; bergere; pillow; cotton; acrylic; patterned; colourful; fringed; non-slip; seat cover; living room,eWorldPartner,3229382031,4975534051,9757178011,,,6537915051,2179885051,6647226011,sofa_slipcovers,2911207031,2896568031,2844380031,20853354031,27931881031,2970871031,2789849031,20650579031,"home decoration, home textile, sofa cover"
Sofa Cover Knit Acrylic Furniture Protector For Living Room Home Decoration Seat Cover 170 x 1 x 300 cm Bergere Cover,"247,246,245",Acrylic,gray,170x1x130,1,"It is made entirely of acrylic material.
Machine washable at 30 degrees.
Do not use bleach.
Do not use a dryer.
Do not iron.
Flat spread drying is recommended.
Product size is 170x1x130 cm.",,99,99,105,,105,122,117,124,2,It is made of acrylic fabric. = It is suitable for multi-purpose use. = Suitable for armchairs and sofa.,seat cover; living room; shawl; antimacassar; weaving; multipurpose; seat; bergere; pillow; cotton; acrylic; patterned; colourful; fringed; non-slip,eWorldPartner,3229382031,4975534051,9757178011,,,6537915051,2179885051,6647226011,sofa_slipcovers,2911207031,2896568031,2844380031,20853354031,27931881031,2970871031,2789849031,20650579031,"home decoration, home textile, sofa cover"
Bergere Cover Knitting Cotton Antimacassar Decorative Home Accessory Seat Cover Decoration Living Room Design 170x 130 cm Bergere Shawl,"250,249,248",Cotton,blue,170x1x130,1,"It is made of cotton.
It has durable fabric and is long-lasting.
As it is washed, its colors do not fade and it maintains its softness.
The seat cover protects your seats in long-term use and prevents them from being deformed.
You can add a new atmosphere to your home with its vibrant colors and trend patterns.
The size of the product is 170x1x130 cm.",,106,106,112,,112,129,124,131,2,Cotton was used as the material. = It does not shrink due to washing. = It looks modern and stylish.,seat cover; living room; shawl; antimacassar; weaving; multipurpose; seat; bergere; pillow; cotton; acrylic; patterned; colourful; fringed; non-slip,eWorldPartner,3229382031,4975534051,9757178011,,,6537915051,2179885051,6647226011,sofa_slipcovers,2911207031,2896568031,2844380031,20853354031,27931881031,2970871031,2789849031,20650579031,"home decoration, home textile, sofa cover"
Sofa Cover Knitting Handmade Antimacassar Decorative Home Accessory Seat Cover Decoration Living Room Design 170x 130 cm Bergere Cover,251,Cotton,pink,170x1x130,1,"It is made of cotton.
It has durable fabric and is long-lasting.
As it is washed, its colors do not fade and it maintains its softness.
The seat cover protects your seats in long-term use and prevents them from being deformed.
You can add a new atmosphere to your home with its vibrant colors and trend patterns.
The size of the product is 170x1x130 cm.",,99,99,105,,105,122,117,124,2,Cotton was used as the material. = It does not shrink due to washing. = It looks modern and stylish.,seat cover; living room; shawl; antimacassar; weaving; multipurpose; seat; bergere; pillow; cotton; acrylic; patterned; colourful; fringed; non-slip,eWorldPartner,3229382031,4975534051,9757178011,,,6537915051,2179885051,6647226011,sofa_slipcovers,2911207031,2896568031,2844380031,20853354031,27931881031,2970871031,2789849031,20650579031,"home decoration, home textile, sofa cover"
Sofa Cover Knitting Handmade Antimacassar Decorative Home Accessory Seat Cover Decoration Living Room Design 170x 130 cm Bergere Cover,"252,253",Cotton,gray,170x1x130,1,"It is made of cotton.
It has durable fabric and is long-lasting.
As it is washed, its colors do not fade and it maintains its softness.
The seat cover protects your seats in long-term use and prevents them from being deformed.
You can add a new atmosphere to your home with its vibrant colors and trend patterns.
The size of the product is 170x1x130 cm.",,99,99,105,,105,122,117,124,2,Cotton was used as the material. = It does not shrink due to washing. = It looks modern and stylish.,seat cover; living room; shawl; antimacassar; weaving; multipurpose; seat; bergere; pillow; cotton; acrylic; patterned; colourful; fringed; non-slip,eWorldPartner,3229382031,4975534051,9757178011,,,6537915051,2179885051,6647226011,sofa_slipcovers,2911207031,2896568031,2844380031,20853354031,27931881031,2970871031,2789849031,20650579031,"home decoration, home textile, sofa cover"
Antimacassar Elite Bergere Cover Home Decoration Sofa Cover Super Soft Non Slip Strap Seat Cap 170x130 cm,"256,255,254",Cotton,brown,170x1x130,1,"It is made of 100% soft acrylic material.
It is a yarn created by passing through special processes.
Machine washable at 30 degrees.
Do not use bleach. Do not use a dryer. Do not iron. Flat spread drying is recommended.
Product Dimension: 130x1x170 cm",,184,184,190,,190,207,202,209,2,It is made of acrylic fabric. = It is suitable for multi-purpose use. = Suitable for armchairs and sofa.,shawl; antimacassar; weaving; multipurpose; seat; bergere; pillow; cotton; acrylic; soft; colourful; fringed; non-slip; seat cover; living room,eWorldPartner,3229382031,4975534051,9757178011,,,6537915051,2179885051,6647226011,sofa_slipcovers,2911207031,2896568031,2844380031,20853354031,27931881031,2970871031,2789849031,20650579031,"home decoration, home textile, sofa cover"
Bergere Cover Blue Cotton Antimacassar Decorative Home Accessory Seat Cover Decoration Living Room Design 140x 190 cm Bergere Shawl,"257,258",Cotton,blue,140x1x190,1,"It is made of cotton.
It has durable fabric and is long-lasting.
As it is washed, its colors do not fade and it maintains its softness.
The seat cover protects your seats in long-term use and prevents them from being deformed.
You can add a new atmosphere to your home with its vibrant colors and trend patterns.
The size of the product is 140x1x190 cm.",,131,131,138,,138,155,150,157,2,Cotton was used as the material. = It does not shrink due to washing. = It looks modern and stylish.,shawl; antimacassar; weaving; multipurpose; seat; bergere; pillow; cotton; acrylic; soft; colourful; fringed; non-slip; seat cover; living room,eWorldPartner,3229382031,4975534051,9757178011,,,6537915051,2179885051,6647226011,sofa_slipcovers,2911207031,2896568031,2844380031,20853354031,27931881031,2970871031,2789849031,20650579031,"home decoration, home textile, sofa cover"