title,images,colors,material,style,closure,size,weight,unit_count,description,0,1,2,3,4,5,6,7,8,Desi,bullet,keywords,manufacturer,UK ID,AU ID,MX ID,TR ID,AE ID,SG ID,JP ID,CA ID,US item_type_keyword,IT ID,FR ID,ES ID,PL ID,NL ID,DE ID,BG ID,SE ID,item type name
Men's Sweatshirt Momentum Knitted Comfort Fit Navy Blue - Men's Jacket Full-Zip Hooded Fleece Men's Sweatshirt,"1,2,3,4,5,6,7",Navy Blue,Cotton,Comfort Fit,With Zipper,"S,M,L,XL,XXL",2,1,"It is a modern and stylish product.
It is a cotton, embroidered, hooded, zippered sweatshirt model.
Due to the studio lights, there may be a color difference between the photo and the product in case of tolerance.",,21.99,21.99,21.99,,21.99,61,21.99,21.99,1,Comfortable and wide cut.= Machine washable.= It is a stylish sweatshirt.,sweatshirt; male; man; patterned; pink; washing; modern; dimension; adult; cotton; round; washable; soft; knit; large; small; middle; printed; organised; large size,eWorldpartner,1731021031,5131520051,14093118011,,,,10353071051,8794296011,mens-fashion-sweatshirts,3841318031,464812031,2949376031,26118134031,16392440031,1981390031,,26118610031,"fashion, mens clothes, mens sweatshirts"
Men's Sweatshirt Palm Knit Oversize Yellow - Men's Jumper Men's Fleece Hoodie Long Sleeve Men's Sweatshirt,"8,9,10,11,12,13",Yellow,Cotton,Oversize Fit,Without zipper,"S,M,L,XL,XXL",2,1,"It is a modern and stylish product.
It is a cotton, knitted, hooded, oversized and printed sweatshirt model.
Due to the studio lights, there may be a color difference between the photo and the product in case of tolerance.",,16.99,16.99,16.99,,16.99,55,16.99,16.99,1,Machine washable.= Comfortable and wide cut.= It is a stylish sweatshirt.,sweatshirt; man; boy; patterned; pink; washing; modern; dimension; adult; cotton; round; washable; soft; knit; large; small; middle; printed; organised; large size,eWorldpartner,1731021031,5131520051,14093118011,,,,10353071051,8794296011,mens-fashion-sweatshirts,3841318031,464812031,2949376031,26118134031,16392440031,1981390031,,26118610031,"fashion, mens clothes, mens sweatshirts"
Men's Sweatshirt Off Knit Oversize White - Men's Jumper Fleece V-neck Long Sleeve Men's Sweatshirt,"14,15,16,17,18,19",White,Cotton,Oversize Fit,Without zipper,"S,M,L,XL,XXL",2,1,"It is a modern and stylish product.
It is a cotton, knitted, v-neck, oversized and embroidered sweatshirt model.
Due to the studio lights, there may be a color difference between the photo and the product in case of tolerance.",,21.99,21.99,21.99,,21.99,61,21.99,21.99,1,It's a modern sweatshirt. = Machine washable. = Comfortable and wide cut.,sweatshirt; boy; man; patterned; pink; washing; modern; dimension; adult; cotton; round; washable; soft; knit; large; small; middle; printed; organised; large size,eWorldpartner,1731021031,5131520051,14093118011,,,,10353071051,8794296011,mens-fashion-sweatshirts,3841318031,464812031,2949376031,26118134031,16392440031,1981390031,,26118610031,"fashion, mens clothes, mens sweatshirts"
Men's Sweatshirt Epic Knitted Comfort Fit Orange - Men's Jumper Fleece Hooded Kangaroo Pocket Men's Sweatshirt,"20,21,22,23,24,25",Orange,Cotton,Comfort Fit,Without zipper,"S,M,L,XL,XXL",2,1,"It is a modern and stylish product.
It is a cotton, knit, hooded, embroidered and kangaroo pocket sweatshirt model.
Due to the studio lights, there may be a color difference between the photo and the product in case of tolerance.",,21.99,21.99,21.99,,21.99,61,21.99,21.99,1,It is printed on orange.= Cotton fabric is used.= Machine washable.,sweatshirts; man; patterned; gray; washing; modern; dimension; adult; cotton; round; washable; soft; knit; large; small; middle; printed; organized; large size; printed,eWorldpartner,1731021031,5131520051,14093118011,,,,10353071051,8794296011,mens-fashion-sweatshirts,3841318031,464812031,2949376031,26118134031,16392440031,1981390031,,26118610031,"fashion, mens clothes, mens sweatshirts"
Men's Sweatshirt Olympos Knit Oversize Black - Men's Jumper Fleece Hooded Picture And Text Printed Men's Sweatshirt,"26,27,28,29,30,31,32",Black,Cotton,Oversize Fit,Without zipper,"S,M,L,XL,XXL",2,1,"It is a modern and stylish product.
It is an oversized sweatshirt model made of cotton, with a hood, printed on the front with pictures and texts.
Due to the studio lights, there may be a color difference between the photo and the product in case of tolerance.",,22.99,22.99,22.99,,22.99,64,22.99,22.99,1,Picture and text printed.= It is a stylish sweatshirt.= Machine washable.,sweatshirts; man; patterned; orange; washing; modern; dimension; adult; cotton; round; washable; soft; knit; large; small; middle; printed; organized; large size; printed,eWorldpartner,1731021031,5131520051,14093118011,,,,10353071051,8794296011,mens-fashion-sweatshirts,3841318031,464812031,2949376031,26118134031,16392440031,1981390031,,26118610031,"fashion, mens clothes, mens sweatshirts"
Men's Sweatshirt Sergi Knitted Comfort Fit Navy Blue - Men's Jumper Cotton Front Printed Fleece Hooded Men's Sweatshirt,"33,34,35,36,37,38,39",Navy Blue,Cotton,Comfort Fit,Without zipper,"S,M,L,XL,XXL",2,1,"It is a modern and stylish product.
It is a cotton, hooded, front printed sweatshirt model.
Due to the studio lights, there may be a color difference between the photo and the product in case of tolerance.",,21.99,21.99,21.99,,21.99,61,21.99,21.99,1,It is a modern sweatshirt.= Cotton fabric is used.= Machine washable.,sweatshirts; man; patterned; black; washing; modern; dimension; adult; cotton; round; washable; soft; knit; large; small; middle; printed; organized; large size; printed,eWorldpartner,1731021031,5131520051,14093118011,,,,10353071051,8794296011,mens-fashion-sweatshirts,3841318031,464812031,2949376031,26118134031,16392440031,1981390031,,26118610031,"fashion, mens clothes, mens sweatshirts"
Men's Sweatshirt Dimmed Knitted Comfort Fit Dark Blue - Men's Jumper Fleece Hooded Front Printed Round Collar Men's Sweatshirt,"40,41,42,43,44,45,46,47",Dark Blue,Cotton,Comfort Fit,Without zipper,"S,M,L,XL,XXL",2,1,"It is a modern and stylish product.
It is a cotton sweatshirt with a round neckline and a printed front.
Due to the studio lights, there may be a color difference between the photo and the product in case of tolerance.",,14.99,14.99,14.99,,14.99,52,14.99,14.99,1,It's a dark blue sweatshirt. = Machine washable. = Comfortable and wide cut.,sweatshirts; boy; man; patterned; pink; washing; modern; dimension; adult; cotton; round; washable; soft; knit; large; small; middle; printed; organised; large size,eWorldpartner,1731021031,5131520051,14093118011,,,,10353071051,8794296011,mens-fashion-sweatshirts,3841318031,464812031,2949376031,26118134031,16392440031,1981390031,,26118610031,"fashion, mens clothes, mens sweatshirts"
Men's Sweatshirt Dimmed Knitted Comfort Fit Light Gray - Men's Jumper Fleece Hooded Front Printed Round Collar Men's Sweatshirt,"48,49,50,51,52,53,54,55",Light Gray,Cotton,Comfort Fit,Without zipper,"S,M,L,XL,XXL",2,1,"It is a modern and stylish product.
It is a cotton sweatshirt with a round neckline and a printed front.
Due to the studio lights, there may be a color difference between the photo and the product in case of tolerance.",,14.99,14.99,14.99,,14.99,52,14.99,14.99,1,It is a stylish light gray sweatshirt.= Comfortable cut.= Machine washable.,sweatshirts; man; patterned; orange; washing; modern; dimension; adult; cotton; round; washable; soft; knit; large; small; middle; printed; organized; large size,eWorldpartner,1731021031,5131520051,14093118011,,,,10353071051,8794296011,mens-fashion-sweatshirts,3841318031,464812031,2949376031,26118134031,16392440031,1981390031,,26118610031,"fashion, mens clothes, mens sweatshirts"
Men's Sweatshirt Core Knitted Comfort Fit Light Gray - Men's Jacket Fleece Solid Color Hooded Full-Zip Men's Sweatshirt,"56,57,58,59,60,61,62,63",Light Gray,Cotton,Comfort Fit,With Zipper,"S,M,L,XL,XXL",2,1,"It is a modern and stylish product.
It is a cotton, solid color, hooded, zippered sweatshirt model.
Due to the studio lights, there may be a color difference between the photo and the product in case of tolerance.",,21.99,21.99,21.99,,21.99,61,21.99,21.99,1,Cotton fabric is used.= Machine washable. = It is a modern sweatshirt.,sweatshirts; man; patterned; black; washing; modern; dimension; adult; cotton; round; washable; soft; knit; large; small; middle; printed; organized; large size,eWorldpartner,1731021031,5131520051,14093118011,,,,10353071051,8794296011,mens-fashion-sweatshirts,3841318031,464812031,2949376031,26118134031,16392440031,1981390031,,26118610031,"fashion, mens clothes, mens sweatshirts"
Men's Sweatshirt Reunion Knit Oversize Green - Men's Jumper Fleece Round Neck Printed Men's Sweatshirt,"64,65,66,67,68,69,70,71",Green,Cotton,Oversize Fit,Without zipper,"S,M,L,XL,XXL",2,1,"It is a modern and stylish product.
It is a cotton, round neck, printed sweatshirt model.
Due to the studio lights, there may be a color difference between the photo and the product in case of tolerance.",,16.99,16.99,16.99,,16.99,55,16.99,16.99,1,It is a green patterned sweatshirt.= Machine washable.= It is comfortable and wide cut.,sweatshirts; man; patterned; black; washing; modern; dimension; adult; cotton; round; washable; soft; knit; large; small; middle; printed; organized; large size; cotton,eWorldpartner,1731021031,5131520051,14093118011,,,,10353071051,8794296011,mens-fashion-sweatshirts,3841318031,464812031,2949376031,26118134031,16392440031,1981390031,,26118610031,"fashion, mens clothes, mens sweatshirts"
Men's Sweatshirt Legends Knit Oversize Orange - Men's Jumper Fleece Round Neck Front Printed Applique Men's Sweatshirt,"72,73,74,75,76,77,78,79,71",Orange,Cotton,Oversize Fit,Without zipper,"S,M,L,XL,XXL",2,1,"It is a modern and stylish product.
It is a cotton sweatshirt with a round neckline, front print and appliques.
Due to the studio lights, there may be a color difference between the photo and the product in case of tolerance.",,21.99,21.99,21.99,,21.99,61,21.99,21.99,1,It is printed on orange.= Cotton fabric is used.= Machine washable.,sweatshirts; man; patterned; black; washing; modern; dimension; adult; cotton; round; washable; soft; knit; large; small; middle; printed; organized; large size,eWorldpartner,1731021031,5131520051,14093118011,,,,10353071051,8794296011,mens-fashion-sweatshirts,3841318031,464812031,2949376031,26118134031,16392440031,1981390031,,26118610031,"fashion, mens clothes, mens sweatshirts"
Men's Sweatshirt Travis Knitted Comfort Fit Khaki - Men's Jumper Fleece Round Neck Solid Color Men's Sweatshirt,"80,81,82,83,84,85,86",Khaki,Cotton,Comfort Fit,Without zipper,"S,M,L,XL,XXL",2,1,"It is a modern and stylish product.
It is a cotton, round neck sweatshirt model.
Due to the studio lights, there may be a color difference between the photo and the product in case of tolerance.",,21.99,21.99,21.99,,21.99,61,21.99,21.99,1,Comfortable and wide cut.= Machine washable.= It is a stylish sweatshirt.,sweatshirt; male; man; patterned; pink; washing; modern; dimension; adult; cotton; round; washable; soft; knit; large; small; middle; printed; organised; large size,eWorldpartner,1731021031,5131520051,14093118011,,,,10353071051,8794296011,mens-fashion-sweatshirts,3841318031,464812031,2949376031,26118134031,16392440031,1981390031,,26118610031,"fashion, mens clothes, mens sweatshirts"
Men's Sweatshirt Galacticos Knit Oversize Black - Men's Jumper Fleece Printed Round Collar Comfort Men's Sweatshirt,"87,88,89,90,91,92,93",Black,Cotton,Oversize Fit,Without zipper,"S,M,L,XL,XXL",2,1,"It is a modern and stylish product.
It is a cotton, printed, round neck, comfort sweatshirt model.
Due to the studio lights, there may be a color difference between the photo and the product in case of tolerance.",,16.99,16.99,16.99,,16.99,55,16.99,16.99,1,Machine washable.= Comfortable and wide cut.= It is a stylish sweatshirt.,sweatshirt; man; boy; patterned; pink; washing; modern; dimension; adult; cotton; round; washable; soft; knit; large; small; middle; printed; organised; large size,eWorldpartner,1731021031,5131520051,14093118011,,,,10353071051,8794296011,mens-fashion-sweatshirts,3841318031,464812031,2949376031,26118134031,16392440031,1981390031,,26118610031,"fashion, mens clothes, mens sweatshirts"
Men's Sweatshirt Yeet Knitted Comfort Fit Mint Green - Men's Jumper Fleece Round Collar Printed Men's Sweatshirt,"94,95,96,97,98,99,100,101",Mint Green,Cotton,Comfort Fit,Without zipper,"S,M,L,XL,XXL",2,1,"It is a modern and stylish product.
It is a cotton, printed, round neck, comfort sweatshirt model.
Due to the studio lights, there may be a color difference between the photo and the product in case of tolerance.",,14.99,14.99,14.99,,14.99,52,14.99,14.99,1,It's a modern sweatshirt. = Machine washable. = Comfortable and wide cut.,sweatshirt; boy; man; patterned; pink; washing; modern; dimension; adult; cotton; round; washable; soft; knit; large; small; middle; printed; organised; large size,eWorldpartner,1731021031,5131520051,14093118011,,,,10353071051,8794296011,mens-fashion-sweatshirts,3841318031,464812031,2949376031,26118134031,16392440031,1981390031,,26118610031,"fashion, mens clothes, mens sweatshirts"
Men's Sweatshirt Boomer Knitted Relaxed Fit Saffron Yellow - Men's Jumper Hooded Short Sleeve Printed Relaxed Fit Men's Sweatshirt,"102,103,104,105,106,107,108",Yellow,Cotton,Relaxed Fit,Without zipper,"S,M,L,XL,XXL",2,1,"It is a modern and stylish product.
It is a cotton, printed, hooded, short-sleeved sweatshirt model.
Due to the studio lights, there may be a color difference between the photo and the product in case of tolerance.",,16.99,16.99,16.99,,16.99,55,16.99,16.99,1,It is a stylish yellow sweatshirt.= Comfortable cut.= Machine washable.,sweatshirts; man; patterned; Gray; washing; modern; dimension; adult; cotton; round; washable; soft; knit; large; small; middle; printed; organized; large size; printed,eWorldpartner,1731021031,5131520051,14093118011,,,,10353071051,8794296011,mens-fashion-sweatshirts,3841318031,464812031,2949376031,26118134031,16392440031,1981390031,,26118610031,"fashion, mens clothes, mens sweatshirts"
Men's Sweatshirt Bolder Knitted Comfort Fit Black - Men's Jumper Fleece Hooded Long Sleeve Kangaroo Pocket Men's Sweatshirt,"109,110,111,112,113,114,115,116,86",Black,Cotton,Comfort Fit,Without zipper,"S,M,L,XL,XXL",2,1,"It is a modern and stylish product.
It is a cotton, embroidered, hooded, kangaroo pocket, long sleeve sweatshirt model.
Due to the studio lights, there may be a color difference between the photo and the product in case of tolerance.",,16.99,16.99,16.99,,16.99,55,16.99,16.99,1,Kangaroo Pocket sweatshirt model.= It is a stylish sweatshirt.= Machine washable.,sweatshirts; man; patterned; orange; washing; modern; dimension; adult; cotton; round; washable; soft; knit; large; small; middle; printed; organized; large size; printed,eWorldpartner,1731021031,5131520051,14093118011,,,,10353071051,8794296011,mens-fashion-sweatshirts,3841318031,464812031,2949376031,26118134031,16392440031,1981390031,,26118610031,"fashion, mens clothes, mens sweatshirts"
Men's Sweatshirt Numeric Knitted Comfort Fit Saffron Yellow - Men's Jumper Fleece Round Neck Front Printed Men's Sweatshirt,"117,118,119,120,121,122,123,124,86",Yellow,Cotton,Comfort Fit,Without zipper,"S,M,L,XL,XXL",2,1,"It is a modern and stylish product.
It is a cotton, round neck, front printed, long sleeve sweatshirt model.
Due to the studio lights, there may be a color difference between the photo and the product in case of tolerance.",,14.99,14.99,14.99,,14.99,52,14.99,14.99,1,Comfortable and wide cut.= Machine washable.= It is a stylish sweatshirt.,sweatshirt; male; man; patterned; pink; washing; modern; dimension; adult; cotton; round; washable; soft; knit; large; small; middle; printed; organised; large size,eWorldpartner,1731021031,5131520051,14093118011,,,,10353071051,8794296011,mens-fashion-sweatshirts,3841318031,464812031,2949376031,26118134031,16392440031,1981390031,,26118610031,"fashion, mens clothes, mens sweatshirts"
Men's Sweatshirt Core Knitted Comfort Fit Navy Blue - Men's Jacket Fleece Solid Color Hooded Full-Zip Men's Sweatshirt,"125,126,127,128",Navy Blue,Cotton,Comfort Fit,With Zipper,"S,M,L,XL,XXL",2,1,"It is a modern and stylish product.
It is a cotton, solid color, hooded, zippered sweatshirt model.
Due to the studio lights, there may be a color difference between the photo and the product in case of tolerance.",,21.99,21.99,21.99,,21.99,61,21.99,21.99,1,Machine washable.= Comfortable and wide cut.= It is a stylish sweatshirt.,sweatshirt; man; boy; patterned; pink; washing; modern; dimension; adult; cotton; round; washable; soft; knit; large; small; middle; printed; organised; large size,eWorldpartner,1731021031,5131520051,14093118011,,,,10353071051,8794296011,mens-fashion-sweatshirts,3841318031,464812031,2949376031,26118134031,16392440031,1981390031,,26118610031,"fashion, mens clothes, mens sweatshirts"
Men's Sweatshirt Mood Knit Oversize Black - Men's Jumper Fleece Hooded Snap Fastener Front Printed Men's Sweatshirt,"129,130,131,132,133,134,135,136,93",Black,Cotton,Oversize Fit,Without zipper,"S,M,L,XL,XXL",2,1,"It is a modern and stylish product.
It is a cotton, hooded, front printed, snap fastener sweatshirt model.
Due to the studio lights, there may be a color difference between the photo and the product in case of tolerance.",,22.99,22.99,22.99,,22.99,64,22.99,22.99,1,It's a modern sweatshirt. = Machine washable. = Comfortable and wide cut.,sweatshirt; boy; man; patterned; pink; washing; modern; dimension; adult; cotton; round; washable; soft; knit; large; small; middle; printed; organised; large size,eWorldpartner,1731021031,5131520051,14093118011,,,,10353071051,8794296011,mens-fashion-sweatshirts,3841318031,464812031,2949376031,26118134031,16392440031,1981390031,,26118610031,"fashion, mens clothes, mens sweatshirts"
Men's Sweatshirt Yeet Knitted Comfort Fit Orange - Men's Jumper Fleece Round Collar Printed Men's Sweatshirt,"137,138,139,140,128",Orange,Cotton,Comfort Fit,Without zipper,"S,M,L,XL,XXL",2,1,"It is a modern and stylish product.
It is a cotton, printed, round neck, comfort sweatshirt model.
Due to the studio lights, there may be a color difference between the photo and the product in case of tolerance.",,14.99,14.99,14.99,,14.99,52,14.99,14.99,1,It is printed on orange.= Cotton fabric is used.= Machine washable.,sweatshirts; man; patterned; Gray; washing; modern; dimension; adult; cotton; round; washable; soft; knit; large; small; middle; printed; organized; large size; printed,eWorldpartner,1731021031,5131520051,14093118011,,,,10353071051,8794296011,mens-fashion-sweatshirts,3841318031,464812031,2949376031,26118134031,16392440031,1981390031,,26118610031,"fashion, mens clothes, mens sweatshirts"
Men's Sweatshirt Travis Knitted Comfort Fit Blue - Men's Jumper Fleece Round Neck Solid Color Men's Sweatshirt,"141,142,143,144,145",Blue,Cotton,Comfort Fit,Without zipper,"S,M,L,XL,XXL",2,1,"It is a modern and stylish product.
It is a cotton, round neck sweatshirt model.
Due to the studio lights, there may be a color difference between the photo and the product in case of tolerance.",,21.99,21.99,21.99,,21.99,61,21.99,21.99,1,It is a solid color sweatshirt.= It is a stylish sweatshirt.= Machine washable.,sweatshirts; man; patterned; orange; washing; modern; dimension; adult; cotton; round; washable; soft; knit; large; small; middle; printed; organized; large size; printed,eWorldpartner,1731021031,5131520051,14093118011,,,,10353071051,8794296011,mens-fashion-sweatshirts,3841318031,464812031,2949376031,26118134031,16392440031,1981390031,,26118610031,"fashion, mens clothes, mens sweatshirts"
Men's Sweatshirt Epic Knitted Comfort Fit Light Gray - Men's Jumper Fleece Hooded Kangaroo Pocket Men's Sweatshirt,"146,147,148,149,150,151,152,153",Light Gray,Cotton,Comfort Fit,Without zipper,"S,M,L,XL,XXL",2,1,"It is a modern and stylish product.
It is a cotton, knit, hooded, embroidered and kangaroo pocket sweatshirt model.
Due to the studio lights, there may be a color difference between the photo and the product in case of tolerance.",,21.99,21.99,21.99,,21.99,61,21.99,21.99,1,It is a modern sweatshirt.= Cotton fabric is used.= Machine washable.,sweatshirts; man; patterned; black; washing; modern; dimension; adult; cotton; round; washable; soft; knit; large; small; middle; printed; organized; large size; printed,eWorldpartner,1731021031,5131520051,14093118011,,,,10353071051,8794296011,mens-fashion-sweatshirts,3841318031,464812031,2949376031,26118134031,16392440031,1981390031,,26118610031,"fashion, mens clothes, mens sweatshirts"
Men's Sweatshirt Jorge Knitted Comfort Fit Black - Men's Jumper Fleece Hooded Long Sleeve Men's Sweatshirt,"154,155,156,157,158,159,160,161",Black,Cotton,Comfort Fit,Without zipper,"S,M,L,XL,XXL",2,1,"It is a modern and stylish product.
It is a cotton, hooded, solid color, comfort sweatshirt model.
Due to the studio lights, there may be a color difference between the photo and the product in case of tolerance.",,21.99,21.99,21.99,,21.99,61,21.99,21.99,1,It's a black sweatshirt. = Machine washable. = Comfortable and wide cut.,sweatshirts; boy; man; patterned; pink; washing; modern; dimension; adult; cotton; round; washable; soft; knit; large; small; middle; printed; organised; large size,eWorldpartner,1731021031,5131520051,14093118011,,,,10353071051,8794296011,mens-fashion-sweatshirts,3841318031,464812031,2949376031,26118134031,16392440031,1981390031,,26118610031,"fashion, mens clothes, mens sweatshirts"
Men's Sweatshirt Fam Knitted Comfort Fit Saffron Yellow - Men's Jumper Fleece Round Neck Printed Long Sleeve Men's Sweatshirt,"162,163,164,165,161",Yellow,Cotton,Comfort Fit,Without zipper,"S,M,L,XL,XXL",2,1,"It is a modern and stylish product.
It is a cotton, printed, solid color sweatshirt model.
Due to the studio lights, there may be a color difference between the photo and the product in case of tolerance.",,21.99,21.99,21.99,,21.99,61,21.99,21.99,1,It is a stylish yellow sweatshirt.= Comfortable cut.= Machine washable.,sweatshirts; man; patterned; orange; washing; modern; dimension; adult; cotton; round; washable; soft; knit; large; small; middle; printed; organized; large size,eWorldpartner,1731021031,5131520051,14093118011,,,,10353071051,8794296011,mens-fashion-sweatshirts,3841318031,464812031,2949376031,26118134031,16392440031,1981390031,,26118610031,"fashion, mens clothes, mens sweatshirts"
Men's Sweatshirt Epic Knitted Comfort Fit Black - Men's Jumper Fleece Hooded Kangaroo Pocket Men's Sweatshirt,"166,167,168,169",Black,Cotton,Comfort Fit,Without zipper,"S,M,L,XL,XXL",2,1,"It is a modern and stylish product.
It is a cotton, knit, hooded, embroidered and kangaroo pocket sweatshirt model.
Due to the studio lights, there may be a color difference between the photo and the product in case of tolerance.",,21.99,21.99,21.99,,21.99,61,21.99,21.99,1,Cotton fabric is used.= Machine washable. = It is a modern sweatshirt.,sweatshirts; man; patterned; black; washing; modern; dimension; adult; cotton; round; washable; soft; knit; large; small; middle; printed; organized; large size,eWorldpartner,1731021031,5131520051,14093118011,,,,10353071051,8794296011,mens-fashion-sweatshirts,3841318031,464812031,2949376031,26118134031,16392440031,1981390031,,26118610031,"fashion, mens clothes, mens sweatshirts"
Men's Sweatshirt Arctic Knitted Comfort Fit Black - Men's Jumper Fleece Round Neck Front Printed Long Sleeve Men's Sweatshirt,"170,171,172,173,174,169",Black,Cotton,Comfort Fit,Without zipper,"S,M,L,XL,XXL",2,1,"It is a modern and stylish product.
It is a cotton, round neck, front printed, long sleeve sweatshirt model.
Due to the studio lights, there may be a color difference between the photo and the product in case of tolerance.",,18.99,18.99,18.99,,18.99,58,18.99,18.99,1,It is printed on black.= Cotton fabric is used.= Machine washable.,sweatshirts; man; patterned; black; washing; modern; dimension; adult; cotton; round; washable; soft; knit; large; small; middle; printed; organized; large size,eWorldpartner,1731021031,5131520051,14093118011,,,,10353071051,8794296011,mens-fashion-sweatshirts,3841318031,464812031,2949376031,26118134031,16392440031,1981390031,,26118610031,"fashion, mens clothes, mens sweatshirts"
Men's Sweatshirt Travis Knitted Comfort Fit Cherry Color - Men's Jumper Fleece Round Neck Solid Color Men's Sweatshirt,"175,176,177,178,179",Cherry,Cotton,Comfort Fit,Without zipper,"S,M,L,XL,XXL",2,1,"It is a modern and stylish product.
It is a cotton, round neck sweatshirt model.
Due to the studio lights, there may be a color difference between the photo and the product in case of tolerance.",,21.99,21.99,21.99,,21.99,61,21.99,21.99,1,Comfortable and wide cut.= Machine washable.= It is a stylish sweatshirt.,sweatshirt; male; man; patterned; pink; washing; modern; dimension; adult; cotton; round; washable; soft; knit; large; small; middle; printed; organised; large size,eWorldpartner,1731021031,5131520051,14093118011,,,,10353071051,8794296011,mens-fashion-sweatshirts,3841318031,464812031,2949376031,26118134031,16392440031,1981390031,,26118610031,"fashion, mens clothes, mens sweatshirts"
"Men's Sweatshirt Fomo Knitted Comfort Fit Tile Color - Men's Jumper Fleece Letter Detail on the Collar, Printed on the Front and Arm Men's Sweatshirt","180,181,182,183,179",Tile,Cotton,Comfort Fit,Without zipper,"S,M,L,XL,XXL",2,1,"It is a modern and stylish product.
It is a cotton sweatshirt model with a round neck, printed on the front and sleeves, and a collar with text detail.
Due to the studio lights, there may be a color difference between the photo and the product in case of tolerance.",,21.99,21.99,21.99,,21.99,61,21.99,21.99,1,Machine washable.= Comfortable and wide cut.= It is a stylish sweatshirt.,sweatshirt; man; boy; patterned; pink; washing; modern; dimension; adult; cotton; round; washable; soft; knit; large; small; middle; printed; organised; large size,eWorldpartner,1731021031,5131520051,14093118011,,,,10353071051,8794296011,mens-fashion-sweatshirts,3841318031,464812031,2949376031,26118134031,16392440031,1981390031,,26118610031,"fashion, mens clothes, mens sweatshirts"
Men's Sweatshirt Carter Knitted Comfort Fit Light Blue - Men's Jumper Fleece Hooded Front Printed Long Sleeve Men's Sweatshirt,"184,185,186,179",Light Blue,Cotton,Comfort Fit,Without zipper,"S,M,L,XL,XXL",2,1,"It is a modern and stylish product.
It is a cotton, hooded, front printed sweatshirt model.
Due to the studio lights, there may be a color difference between the photo and the product in case of tolerance.",,21.99,21.99,21.99,,21.99,61,21.99,21.99,1,Comfortable and wide cut.= Machine washable.= It is a stylish sweatshirt.,sweatshirt; male; man; patterned; pink; washing; modern; dimension; adult; cotton; round; washable; soft; knit; large; small; middle; printed; organised; large size,eWorldpartner,1731021031,5131520051,14093118011,,,,10353071051,8794296011,mens-fashion-sweatshirts,3841318031,464812031,2949376031,26118134031,16392440031,1981390031,,26118610031,"fashion, mens clothes, mens sweatshirts"
Men's Sweatshirt Galacticos Knitted Comfort Fit White - Men's Jumper Fleece Printed Round Collar Men's Sweatshirt,"187,188,189,190",White,Cotton,Comfort Fit,Without zipper,"S,M,L,XL,XXL",2,1,"It is a modern and stylish product.
It is a cotton, round neck, printed sweatshirt model.
Due to the studio lights, there may be a color difference between the photo and the product in case of tolerance.",,16.99,16.99,16.99,,16.99,55,16.99,16.99,1,Machine washable.= Comfortable and wide cut.= It is a stylish sweatshirt.,sweatshirt; man; boy; patterned; pink; washing; modern; dimension; adult; cotton; round; washable; soft; knit; large; small; middle; printed; organised; large size,eWorldpartner,1731021031,5131520051,14093118011,,,,10353071051,8794296011,mens-fashion-sweatshirts,3841318031,464812031,2949376031,26118134031,16392440031,1981390031,,26118610031,"fashion, mens clothes, mens sweatshirts"
Men's Sweatshirt Ginormous Knitted Comfort Fit Black - Men's Jumper Fleece Front Printed Round Neck Long Sleeve Men's Sweatshirt,"191,192,193,194,195,196,197",Black,Cotton,Comfort Fit,Without zipper,"S,M,L,XL,XXL",2,1,"It is a modern and stylish product.
It is a cotton sweatshirt with a round neck and a printed front.
Due to the studio lights, there may be a color difference between the photo and the product in case of tolerance.",,16.99,16.99,16.99,,16.99,55,16.99,16.99,1,It's a modern sweatshirt. = Machine washable. = Comfortable and wide cut.,sweatshirt; boy; man; patterned; pink; washing; modern; dimension; adult; cotton; round; washable; soft; knit; large; small; middle; printed; organised; large size,eWorldpartner,1731021031,5131520051,14093118011,,,,10353071051,8794296011,mens-fashion-sweatshirts,3841318031,464812031,2949376031,26118134031,16392440031,1981390031,,26118610031,"fashion, mens clothes, mens sweatshirts"
Men's Sweatshirt Fam Knitted Comfort Fit Light Gray - Men's Jumper Fleece Round Neck Printed Long Sleeve Men's Sweatshirt,"198,199,200,197",Light Gray,Cotton,Comfort Fit,Without zipper,"S,M,L,XL,XXL",2,1,"It is a modern and stylish product.
It is a cotton, printed, solid color sweatshirt model.
Due to the studio lights, there may be a color difference between the photo and the product in case of tolerance.",,21.99,21.99,21.99,,21.99,61,21.99,21.99,1,Round neck and printed.= It is a stylish sweatshirt.= Machine washable.,sweatshirts; man; patterned; orange; washing; modern; dimension; adult; cotton; round; washable; soft; knit; large; small; middle; printed; organized; large size; printed,eWorldpartner,1731021031,5131520051,14093118011,,,,10353071051,8794296011,mens-fashion-sweatshirts,3841318031,464812031,2949376031,26118134031,16392440031,1981390031,,26118610031,"fashion, mens clothes, mens sweatshirts"
Men's Sweatshirt Turnt Knitted Comfort Fit Ecru - Men's Jumper Fleece Hooded Long Sleeve Printed Front Men's Sweatshirt,"201,202,203,197",Ecru,Cotton,Comfort Fit,Without zipper,"S,M,L,XL,XXL",2,1,"It is a modern and stylish product.
It is a cotton, hooded, front printed sweatshirt model.
Due to the studio lights, there may be a color difference between the photo and the product in case of tolerance.",,16.99,16.99,16.99,,16.99,55,16.99,16.99,1,It is a modern sweatshirt.= Cotton fabric is used.= Machine washable.,sweatshirts; man; patterned; black; washing; modern; dimension; adult; cotton; round; washable; soft; knit; large; small; middle; printed; organized; large size; printed,eWorldpartner,1731021031,5131520051,14093118011,,,,10353071051,8794296011,mens-fashion-sweatshirts,3841318031,464812031,2949376031,26118134031,16392440031,1981390031,,26118610031,"fashion, mens clothes, mens sweatshirts"
Men's Sweatshirt Pioneer Knitted Comfort Fit Lilac - Men's Jumper Fleece Printed Long Sleeve Men's Sweatshirt,"204,205,197",Lilac,Cotton,Comfort Fit,Without zipper,"S,M,L,XL,XXL",2,1,"It is a modern and stylish product.
It is a cotton, round neck, printed sweatshirt model.
Due to the studio lights, there may be a color difference between the photo and the product in case of tolerance.",,16.99,16.99,16.99,,16.99,55,16.99,16.99,1,It's a lilac sweatshirt. = Machine washable. = Comfortable and wide cut.,sweatshirts; boy; man; patterned; pink; washing; modern; dimension; adult; cotton; round; washable; soft; knit; large; small; middle; printed; organised; large size,eWorldpartner,1731021031,5131520051,14093118011,,,,10353071051,8794296011,mens-fashion-sweatshirts,3841318031,464812031,2949376031,26118134031,16392440031,1981390031,,26118610031,"fashion, mens clothes, mens sweatshirts"
Men's Sweatshirt Naive Knitted Comfort Fit Pink - Men's Jumper Fleece Round Neck Sleeve Printed Ornamental Label Men's Sweatshirt,"206,207,208,209",Pink,Cotton,Comfort Fit,Without zipper,"S,M,L,XL,XXL",2,1,"It is a modern and stylish product.
It is a cotton sweatshirt model with a round neck, printed on the sleeve and an ornamental effect.
Due to the studio lights, there may be a color difference between the photo and the product in case of tolerance.",,16.99,16.99,16.99,,16.99,55,16.99,16.99,1,It is a stylish pink sweatshirt.= Comfortable cut.= Machine washable.,sweatshirts; man; patterned; orange; washing; modern; dimension; adult; cotton; round; washable; soft; knit; large; small; middle; printed; organized; large size,eWorldpartner,1731021031,5131520051,14093118011,,,,10353071051,8794296011,mens-fashion-sweatshirts,3841318031,464812031,2949376031,26118134031,16392440031,1981390031,,26118610031,"fashion, mens clothes, mens sweatshirts"
Men's Sweatshirt Arctic Knitted Comfort Fit Tile Color - Men's Jumper Fleece Round Neck Front Printed Long Sleeve Men's Sweatshirt,"210,211,212,209",Tile,Cotton,Comfort Fit,Without zipper,"S,M,L,XL,XXL",2,1,"It is a modern and stylish product.
It is a cotton, round neck, front printed, long sleeve sweatshirt model.
Due to the studio lights, there may be a color difference between the photo and the product in case of tolerance.",,18.99,18.99,18.99,,18.99,58,18.99,18.99,1,Cotton fabric is used.= Machine washable. = It is a modern sweatshirt.,sweatshirts; man; patterned; black; washing; modern; dimension; adult; cotton; round; washable; soft; knit; large; small; middle; printed; organized; large size,eWorldpartner,1731021031,5131520051,14093118011,,,,10353071051,8794296011,mens-fashion-sweatshirts,3841318031,464812031,2949376031,26118134031,16392440031,1981390031,,26118610031,"fashion, mens clothes, mens sweatshirts"
Men's Sweatshirt Weekend Knitted Comfort Fit Orange - Men's Jumper Fleece Round Collar And Embroidered Collar Men's Sweatshirt,"213,214,215,209",Orange,Cotton,Comfort Fit,Without zipper,"S,M,L,XL,XXL",2,1,"It is a modern and stylish product.
It is a cotton sweatshirt with a round neckline and an embroidered collar.
Due to the studio lights, there may be a color difference between the photo and the product in case of tolerance.",,14.99,14.99,14.99,,14.99,52,14.99,14.99,1,It is a orange embroidered sweatshirt.= Machine washable.= It is comfortable and wide cut.,sweatshirts; man; patterned; black; washing; modern; dimension; adult; cotton; round; washable; soft; knit; large; small; middle; printed; organized; large size; cotton,eWorldpartner,1731021031,5131520051,14093118011,,,,10353071051,8794296011,mens-fashion-sweatshirts,3841318031,464812031,2949376031,26118134031,16392440031,1981390031,,26118610031,"fashion, mens clothes, mens sweatshirts"
Men's Sweatshirt Watson Knitted Comfort Fit White - Men's Jumper Fleece Half Neck Long Sleeve Cotton Men's Sweatshirt,"216,217,218,209",White,Cotton,Regular Fit,Without zipper,"S,M,L,XL,XXL",2,1,"It is a modern and stylish product.
It is a cotton, half neck, solid color sweatshirt model.
Due to the studio lights, there may be a color difference between the photo and the product in case of tolerance.",,16.99,16.99,16.99,,16.99,55,16.99,16.99,1,It is a white sweatshirt.= Cotton fabric is used.= Machine washable.,sweatshirts; man; patterned; black; washing; modern; dimension; adult; cotton; round; washable; soft; knit; large; small; middle; printed; organized; large size,eWorldpartner,1731021031,5131520051,14093118011,,,,10353071051,8794296011,mens-fashion-sweatshirts,3841318031,464812031,2949376031,26118134031,16392440031,1981390031,,26118610031,"fashion, mens clothes, mens sweatshirts"
Men's Sweatshirt Epic Knitted Comfort Fit Purple - Men's Jumper Fleece Hooded Kangaroo Pocket Men's Sweatshirt,"219,220,221,222",Purple,Cotton,Comfort Fit,Without zipper,"S,M,L,XL,XXL",2,1,"It is a modern and stylish product.
It is a cotton, knit, hooded, embroidered and kangaroo pocket sweatshirt model.
Due to the studio lights, there may be a color difference between the photo and the product in case of tolerance.",,21.99,21.99,21.99,,21.99,61,21.99,21.99,1,Comfortable and wide cut.= Machine washable.= It is a stylish sweatshirt.,sweatshirt; male; man; patterned; pink; washing; modern; dimension; adult; cotton; round; washable; soft; knit; large; small; middle; printed; organised; large size,eWorldpartner,1731021031,5131520051,14093118011,,,,10353071051,8794296011,mens-fashion-sweatshirts,3841318031,464812031,2949376031,26118134031,16392440031,1981390031,,26118610031,"fashion, mens clothes, mens sweatshirts"
Men's Sweatshirt Winston Knitted Comfort Fit Black - Men's Jumper Fleece Front Printed Round Neck Cotton Men's Sweatshirt,"223,224,225",Black,Cotton,Comfort Fit,Without zipper,"S,M,L,XL,XXL",2,1,"It is a modern and stylish product.
It is a cotton sweatshirt with a round neck and a printed front.
Due to the studio lights, there may be a color difference between the photo and the product in case of tolerance.",,16.99,16.99,16.99,,16.99,55,16.99,16.99,1,Machine washable.= Comfortable and wide cut.= It is a stylish sweatshirt.,sweatshirt; man; boy; patterned; pink; washing; modern; dimension; adult; cotton; round; washable; soft; knit; large; small; middle; printed; organised; large size,eWorldpartner,1731021031,5131520051,14093118011,,,,10353071051,8794296011,mens-fashion-sweatshirts,3841318031,464812031,2949376031,26118134031,16392440031,1981390031,,26118610031,"fashion, mens clothes, mens sweatshirts"
Men's Sweatshirt Travis Knitted Comfort Fit Black - Men's Jumper Fleece Round Neck Solid Color Men's Sweatshirt,"226,227,228,225",Black,Cotton,Comfort Fit,Without zipper,"S,M,L,XL,XXL",2,1,"It is a modern and stylish product.
It is a cotton, round neck sweatshirt model.
Due to the studio lights, there may be a color difference between the photo and the product in case of tolerance.",,21.99,21.99,21.99,,21.99,61,21.99,21.99,1,It's a modern sweatshirt. = Machine washable. = Comfortable and wide cut.,sweatshirt; boy; man; patterned; pink; washing; modern; dimension; adult; cotton; round; washable; soft; knit; large; small; middle; printed; organised; large size,eWorldpartner,1731021031,5131520051,14093118011,,,,10353071051,8794296011,mens-fashion-sweatshirts,3841318031,464812031,2949376031,26118134031,16392440031,1981390031,,26118610031,"fashion, mens clothes, mens sweatshirts"
Men's Sweatshirt Travis Knitted Comfort Fit Brown - Men's Jumper Fleece Round Neck Solid Color Men's Sweatshirt,"229,230,231,225",Brown,Cotton,Comfort Fit,Without zipper,"S,M,L,XL,XXL",2,1,"It is a modern and stylish product.
It is a cotton, round neck sweatshirt model.
Due to the studio lights, there may be a color difference between the photo and the product in case of tolerance.",,21.99,21.99,21.99,,21.99,61,21.99,21.99,1,It is a stylish brown sweatshirt.= Comfortable cut.= Machine washable.,sweatshirts; man; patterned; Grey; washing; modern; dimension; adult; cotton; round; washable; soft; knit; large; small; middle; printed; organized; large size; printed,eWorldpartner,1731021031,5131520051,14093118011,,,,10353071051,8794296011,mens-fashion-sweatshirts,3841318031,464812031,2949376031,26118134031,16392440031,1981390031,,26118610031,"fashion, mens clothes, mens sweatshirts"
Men's Sweatshirt Travis Knitted Comfort Fit Dark Gray - Men's Jumper Fleece Round Neck Solid Color Men's Sweatshirt,"232,233,234,225",Dark Gray,Cotton,Comfort Fit,Without zipper,"S,M,L,XL,XXL",2,1,"It is a modern and stylish product.
It is a cotton, round neck sweatshirt model.
Due to the studio lights, there may be a color difference between the photo and the product in case of tolerance.",,21.99,21.99,21.99,,21.99,61,21.99,21.99,1,Round neck sweatshirt model.= It is a stylish sweatshirt.= Machine washable.,sweatshirts; man; patterned; orange; washing; modern; dimension; adult; cotton; round; washable; soft; knit; large; small; middle; printed; organized; large size; printed,eWorldpartner,1731021031,5131520051,14093118011,,,,10353071051,8794296011,mens-fashion-sweatshirts,3841318031,464812031,2949376031,26118134031,16392440031,1981390031,,26118610031,"fashion, mens clothes, mens sweatshirts"
Men's Sweatshirt Travis Knitted Comfort Fit Dark Green - Men's Jumper Fleece Round Neck Solid Color Men's Sweatshirt,"235,236,237,225",Dark Green,Cotton,Comfort Fit,Without zipper,"S,M,L,XL,XXL",2,1,"It is a modern and stylish product.
It is a cotton, round neck sweatshirt model.
Due to the studio lights, there may be a color difference between the photo and the product in case of tolerance.",,21.99,21.99,21.99,,21.99,61,21.99,21.99,1,Comfortable and wide cut.= Machine washable.= It is a stylish sweatshirt.,sweatshirt; male; man; patterned; pink; washing; modern; dimension; adult; cotton; round; washable; soft; knit; large; small; middle; printed; organised; large size,eWorldpartner,1731021031,5131520051,14093118011,,,,10353071051,8794296011,mens-fashion-sweatshirts,3841318031,464812031,2949376031,26118134031,16392440031,1981390031,,26118610031,"fashion, mens clothes, mens sweatshirts"
Men's Sweatshirt Travis Knitted Comfort Fit Lilac - Men's Jumper Fleece Round Neck Solid Color Men's Sweatshirt,"238,239,240,225",Lilac,Cotton,Comfort Fit,Without zipper,"S,M,L,XL,XXL",2,1,"It is a modern and stylish product.
It is a cotton, round neck sweatshirt model.
Due to the studio lights, there may be a color difference between the photo and the product in case of tolerance.",,21.99,21.99,21.99,,21.99,61,21.99,21.99,1,Machine washable.= Comfortable and wide cut.= It is a stylish sweatshirt.,sweatshirt; man; boy; patterned; pink; washing; modern; dimension; adult; cotton; round; washable; soft; knit; large; small; middle; printed; organised; large size,eWorldpartner,1731021031,5131520051,14093118011,,,,10353071051,8794296011,mens-fashion-sweatshirts,3841318031,464812031,2949376031,26118134031,16392440031,1981390031,,26118610031,"fashion, mens clothes, mens sweatshirts"
Men's Sweatshirt Travis Knitted Comfort Fit Pink - Men's Jumper Fleece Round Neck Solid Color Men's Sweatshirt,"241,242,243,225",Pink,Cotton,Comfort Fit,Without zipper,"S,M,L,XL,XXL",2,1,"It is a modern and stylish product.
It is a cotton, round neck sweatshirt model.
Due to the studio lights, there may be a color difference between the photo and the product in case of tolerance.",,21.99,21.99,21.99,,21.99,61,21.99,21.99,1,It's a modern sweatshirt. = Machine washable. = Comfortable and wide cut.,sweatshirt; boy; man; patterned; pink; washing; modern; dimension; adult; cotton; round; washable; soft; knit; large; small; middle; printed; organised; large size,eWorldpartner,1731021031,5131520051,14093118011,,,,10353071051,8794296011,mens-fashion-sweatshirts,3841318031,464812031,2949376031,26118134031,16392440031,1981390031,,26118610031,"fashion, mens clothes, mens sweatshirts"
Men's Sweatshirt Travis Knitted Comfort Fit Turquoise - Men's Jumper Fleece Round Neck Solid Color Men's Sweatshirt,"244,245,246,247",Turquoise,Cotton,Comfort Fit,Without zipper,"S,M,L,XL,XXL",2,1,"It is a modern and stylish product.
It is a cotton, round neck sweatshirt model.
Due to the studio lights, there may be a color difference between the photo and the product in case of tolerance.",,21.99,21.99,21.99,,21.99,61,21.99,21.99,1,It is a turqoise sweatshirt.= Cotton fabric is used.= Machine washable.,sweatshirts; man; patterned; Grey; washing; modern; dimension; adult; cotton; round; washable; soft; knit; large; small; middle; printed; organized; large size; printed,eWorldpartner,1731021031,5131520051,14093118011,,,,10353071051,8794296011,mens-fashion-sweatshirts,3841318031,464812031,2949376031,26118134031,16392440031,1981390031,,26118610031,"fashion, mens clothes, mens sweatshirts"
Men's Sweatshirt Legends Knit Oversize Gray - Men's Jumper Fleece Round Neck Front Printed Applique Men's Sweatshirt,"248,249,250,251",Gray,Cotton,Oversize Fit,Without zipper,"S,M,L,XL,XXL",2,1,"It is a modern and stylish product.
It is a cotton sweatshirt with a round neckline, front print and appliques.
Due to the studio lights, there may be a color difference between the photo and the product in case of tolerance.",,21.99,21.99,21.99,,21.99,61,21.99,21.99,1,It is a oversize sweatshirt.= It is a stylish sweatshirt.= Machine washable.,sweatshirts; man; patterned; orange; washing; modern; dimension; adult; cotton; round; washable; soft; knit; large; small; middle; printed; organized; large size; printed,eWorldpartner,1731021031,5131520051,14093118011,,,,10353071051,8794296011,mens-fashion-sweatshirts,3841318031,464812031,2949376031,26118134031,16392440031,1981390031,,26118610031,"fashion, mens clothes, mens sweatshirts"
Men's Sweatshirt Jorge Knitted Comfort Fit Tile Color - Men's Jumper Fleece Hooded Long Sleeve Men's Sweatshirt,"252,253,254,255",Tile,Cotton,Comfort Fit,Without zipper,"S,M,L,XL,XXL",2,1,"It is a modern and stylish product.
It is a cotton, hooded, solid color, comfort sweatshirt model.
Due to the studio lights, there may be a color difference between the photo and the product in case of tolerance.",,21.99,21.99,21.99,,21.99,61,21.99,21.99,1,It's a tile color sweatshirt. = Machine washable. = Comfortable and wide cut.,sweatshirts; boy; man; patterned; pink; washing; modern; dimension; adult; cotton; round; washable; soft; knit; large; small; middle; printed; organised; large size,eWorldpartner,1731021031,5131520051,14093118011,,,,10353071051,8794296011,mens-fashion-sweatshirts,3841318031,464812031,2949376031,26118134031,16392440031,1981390031,,26118610031,"fashion, mens clothes, mens sweatshirts"
Men's Sweatshirt Jorge Knitted Comfort Fit Green - Men's Jumper Fleece Hooded Long Sleeve Men's Sweatshirt,"256,257,258,259",Green,Cotton,Comfort Fit,Without zipper,"S,M,L,XL,XXL",2,1,"It is a modern and stylish product.
It is a cotton, hooded, solid color, comfort sweatshirt model.
Due to the studio lights, there may be a color difference between the photo and the product in case of tolerance.",,21.99,21.99,21.99,,21.99,61,21.99,21.99,1,It is a stylish green sweatshirt.= Comfortable cut.= Machine washable.,sweatshirts; man; patterned; orange; washing; modern; dimension; adult; cotton; round; washable; soft; knit; large; small; middle; printed; organized; large size,eWorldpartner,1731021031,5131520051,14093118011,,,,10353071051,8794296011,mens-fashion-sweatshirts,3841318031,464812031,2949376031,26118134031,16392440031,1981390031,,26118610031,"fashion, mens clothes, mens sweatshirts"
Men's Sweatshirt Jorge Knitted Comfort Fit Purple - Men's Jumper Fleece Hooded Long Sleeve Men's Sweatshirt,"260,261,262,263",Purple,Cotton,Comfort Fit,Without zipper,"S,M,L,XL,XXL",2,1,"It is a modern and stylish product.
It is a cotton, hooded, solid color, comfort sweatshirt model.
Due to the studio lights, there may be a color difference between the photo and the product in case of tolerance.",,21.99,21.99,21.99,,21.99,61,21.99,21.99,1,Cotton fabric is used.= Machine washable. = It is a modern sweatshirt.,sweatshirts; man; patterned; black; washing; modern; dimension; adult; cotton; round; washable; soft; knit; large; small; middle; printed; organized; large size,eWorldpartner,1731021031,5131520051,14093118011,,,,10353071051,8794296011,mens-fashion-sweatshirts,3841318031,464812031,2949376031,26118134031,16392440031,1981390031,,26118610031,"fashion, mens clothes, mens sweatshirts"
Men's Sweatshirt Jorge Knitted Comfort Fit Beige - Men's Jumper Fleece Hooded Long Sleeve Men's Sweatshirt,"264,265,266,267",Beige,Cotton,Comfort Fit,Without zipper,"S,M,L,XL,XXL",2,1,"It is a modern and stylish product.
It is a cotton, hooded, solid color, comfort sweatshirt model.
Due to the studio lights, there may be a color difference between the photo and the product in case of tolerance.",,21.99,21.99,21.99,,21.99,61,21.99,21.99,1,It is a beige sweatshirt.= Machine washable.= It is comfortable and wide cut.,sweatshirts; man; patterned; black; washing; modern; dimension; adult; cotton; round; washable; soft; knit; large; small; middle; printed; organized; large size; cotton,eWorldpartner,1731021031,5131520051,14093118011,,,,10353071051,8794296011,mens-fashion-sweatshirts,3841318031,464812031,2949376031,26118134031,16392440031,1981390031,,26118610031,"fashion, mens clothes, mens sweatshirts"
"Men's Sweatshirt Fomo Knitted Comfort Fit Black - Men's Jumper Fleece Letter Detail on the Collar, Printed on the Front and Arm Men's Sweatshirt","268,269,270,271,272",Black,Cotton,Comfort Fit,Without zipper,"S,M,L,XL,XXL",2,1,"It is a modern and stylish product.
It is a cotton sweatshirt model with a round neck, printed on the front and sleeves, and a collar with text detail.
Due to the studio lights, there may be a color difference between the photo and the product in case of tolerance.",,21.99,21.99,21.99,,21.99,61,21.99,21.99,1,It is printed on black.= Cotton fabric is used.= Machine washable.,sweatshirts; man; patterned; black; washing; modern; dimension; adult; cotton; round; washable; soft; knit; large; small; middle; printed; organized; large size,eWorldpartner,1731021031,5131520051,14093118011,,,,10353071051,8794296011,mens-fashion-sweatshirts,3841318031,464812031,2949376031,26118134031,16392440031,1981390031,,26118610031,"fashion, mens clothes, mens sweatshirts"
"Men's Sweatshirt Fomo Knitted Comfort Fit Blue - Men's Jumper Fleece Letter Detail on the Collar, Printed on the Front and Arm Men's Sweatshirt","273,274,275,272",Blue,Cotton,Comfort Fit,Without zipper,"S,M,L,XL,XXL",2,1,"It is a modern and stylish product.
It is a cotton sweatshirt model with a round neck, printed on the front and sleeves, and a collar with text detail.
Due to the studio lights, there may be a color difference between the photo and the product in case of tolerance.",,21.99,21.99,21.99,,21.99,61,21.99,21.99,1,Comfortable and wide cut.= Machine washable.= It is a stylish sweatshirt.,sweatshirt; male; man; patterned; pink; washing; modern; dimension; adult; cotton; round; washable; soft; knit; large; small; middle; printed; organised; large size,eWorldpartner,1731021031,5131520051,14093118011,,,,10353071051,8794296011,mens-fashion-sweatshirts,3841318031,464812031,2949376031,26118134031,16392440031,1981390031,,26118610031,"fashion, mens clothes, mens sweatshirts"
Men's Sweatshirt Fareast Knitted Comfort Fit Anthracite - Men's Jumper Fleece Printed Round Neck Long Sleeve Men's Sweatshirt,"276,277,278,272",Anthracite,Cotton,Comfort Fit,Without zipper,"S,M,L,XL,XXL",2,1,"It is a modern and stylish product.
It is a cotton, round neck, printed sweatshirt model.
Due to the studio lights, there may be a color difference between the photo and the product in case of tolerance.",,21.99,21.99,21.99,,21.99,61,21.99,21.99,1,Machine washable.= Comfortable and wide cut.= It is a stylish sweatshirt.,sweatshirt; man; boy; patterned; pink; washing; modern; dimension; adult; cotton; round; washable; soft; knit; large; small; middle; printed; organised; large size,eWorldpartner,1731021031,5131520051,14093118011,,,,10353071051,8794296011,mens-fashion-sweatshirts,3841318031,464812031,2949376031,26118134031,16392440031,1981390031,,26118610031,"fashion, mens clothes, mens sweatshirts"
Men's Sweatshirt Fareast Knitted Comfort Fit Ecru - Men's Jumper Fleece Printed Round Neck Long Sleeve Men's Sweatshirt,"279,280,281,282",Ecru,Cotton,Comfort Fit,Without zipper,"S,M,L,XL,XXL",2,1,"It is a modern and stylish product.
It is a cotton, round neck, printed sweatshirt model.
Due to the studio lights, there may be a color difference between the photo and the product in case of tolerance.",,16.99,16.99,16.99,,16.99,55,16.99,16.99,1,Comfortable and wide cut.= Machine washable.= It is a stylish sweatshirt.,sweatshirt; male; man; patterned; pink; washing; modern; dimension; adult; cotton; round; washable; soft; knit; large; small; middle; printed; organised; large size,eWorldpartner,1731021031,5131520051,14093118011,,,,10353071051,8794296011,mens-fashion-sweatshirts,3841318031,464812031,2949376031,26118134031,16392440031,1981390031,,26118610031,"fashion, mens clothes, mens sweatshirts"
Men's Sweatshirt Mood Knit Oversize Petrol Green - Men's Jumper Fleece Hooded Snap Fastener Front Printed Men's Sweatshirt,"283,284,285,251",Green,Cotton,Oversize Fit,Without zipper,"S,M,L,XL,XXL",2,1,"It is a modern and stylish product.
It is a cotton, hooded, front printed, snap fastener sweatshirt model.
Due to the studio lights, there may be a color difference between the photo and the product in case of tolerance.",,21.99,21.99,21.99,,21.99,61,21.99,21.99,1,Machine washable.= Comfortable and wide cut.= It is a stylish sweatshirt.,sweatshirt; man; boy; patterned; pink; washing; modern; dimension; adult; cotton; round; washable; soft; knit; large; small; middle; printed; organised; large size,eWorldpartner,1731021031,5131520051,14093118011,,,,10353071051,8794296011,mens-fashion-sweatshirts,3841318031,464812031,2949376031,26118134031,16392440031,1981390031,,26118610031,"fashion, mens clothes, mens sweatshirts"
Men's Sweatshirt Alive Knitted Gray - Men's Jumper Fleece Cotton Hooded Comfort Fit Front Printed Men's Sweatshirt,"286,287,288,282",Gray,Cotton,Relaxed Fit,Without zipper,"S,M,L,XL,XXL",2,1,"It is a modern and stylish product.
It is a cotton, hooded, front printed sweatshirt model.
Due to the studio lights, there may be a color difference between the photo and the product in case of tolerance.",,21.99,21.99,21.99,,21.99,61,21.99,21.99,1,Comfortable and wide cut.= Machine washable.= It is a stylish sweatshirt.,sweatshirt; male; man; patterned; pink; washing; modern; dimension; adult; cotton; round; washable; soft; knit; large; small; middle; printed; organised; large size,eWorldpartner,1731021031,5131520051,14093118011,,,,10353071051,8794296011,mens-fashion-sweatshirts,3841318031,464812031,2949376031,26118134031,16392440031,1981390031,,26118610031,"fashion, mens clothes, mens sweatshirts"
Men's Sweatshirt Draco Knitted Relaxed Fit Plum - Men's Jumper Fleece Cotton Hooded Kangaroo Pocket Men's Sweatshirt,"289,290,291,292",Plum,Cotton,Relaxed Fit,Without zipper,"S,M,L,XL,XXL",2,1,"It is a modern and stylish product.
It is a cotton sweatshirt with a hood and a kangaroo pocket.
Due to the studio lights, there may be a color difference between the photo and the product in case of tolerance.",,21.99,21.99,21.99,,21.99,61,21.99,21.99,1,Machine washable.= Comfortable and wide cut.= It is a stylish sweatshirt.,sweatshirt; man; boy; patterned; pink; washing; modern; dimension; adult; cotton; round; washable; soft; knit; large; small; middle; printed; organised; large size,eWorldpartner,1731021031,5131520051,14093118011,,,,10353071051,8794296011,mens-fashion-sweatshirts,3841318031,464812031,2949376031,26118134031,16392440031,1981390031,,26118610031,"fashion, mens clothes, mens sweatshirts"
Men's Sweatshirt Draco Knitted Relaxed Fit Blue - Men's Jumper Fleece Cotton Hooded Kangaroo Pocket Men's Sweatshirt,"293,294,295,296",Blue,Cotton,Relaxed Fit,Without zipper,"S,M,L,XL,XXL",2,1,"It is a modern and stylish product.
It is a cotton sweatshirt with a hood and a kangaroo pocket.
Due to the studio lights, there may be a color difference between the photo and the product in case of tolerance.",,21.99,21.99,21.99,,21.99,61,21.99,21.99,1,It's a modern sweatshirt. = Machine washable. = Comfortable and wide cut.,sweatshirt; boy; man; patterned; pink; washing; modern; dimension; adult; cotton; round; washable; soft; knit; large; small; middle; printed; organised; large size,eWorldpartner,1731021031,5131520051,14093118011,,,,10353071051,8794296011,mens-fashion-sweatshirts,3841318031,464812031,2949376031,26118134031,16392440031,1981390031,,26118610031,"fashion, mens clothes, mens sweatshirts"
Men's Sweatshirt Archie Knitted Relaxed Green - Men's Jumper Fleece Round Collar Embroidered Text on the Front Men's Sweatshirt,"297,298,299,108",Green,Cotton,Relaxed Fit,Without zipper,"S,M,L,XL,XXL",2,1,"It is a modern and stylish product.
It is a cotton sweatshirt with a round neck and embroidered text.
Due to the studio lights, there may be a color difference between the photo and the product in case of tolerance.",,22.99,22.99,22.99,,22.99,64,22.99,22.99,1,It is embroidered on green.= Cotton fabric is used.= Machine washable.,sweatshirts; man; patterned; Grey; washing; modern; dimension; adult; cotton; round; washable; soft; knit; large; small; middle; printed; organized; large size; printed,eWorldpartner,1731021031,5131520051,14093118011,,,,10353071051,8794296011,mens-fashion-sweatshirts,3841318031,464812031,2949376031,26118134031,16392440031,1981390031,,26118610031,"fashion, mens clothes, mens sweatshirts"
Men's Sweatshirt Archie Knitted Relaxed Gray - Men's Jumper Fleece Round Collar Embroidered Text on the Front Men's Sweatshirt,"300,301,108",Gray,Cotton,Relaxed Fit,Without zipper,"S,M,L,XL,XXL",2,1,"It is a modern and stylish product.
It is a cotton sweatshirt with a round neck and embroidered text.
Due to the studio lights, there may be a color difference between the photo and the product in case of tolerance.",,22.99,22.99,22.99,,22.99,64,22.99,22.99,1,Text embroidered.= It is a stylish sweatshirt.= Machine washable.,sweatshirts; man; patterned; orange; washing; modern; dimension; adult; cotton; round; washable; soft; knit; large; small; middle; printed; organized; large size; printed,eWorldpartner,1731021031,5131520051,14093118011,,,,10353071051,8794296011,mens-fashion-sweatshirts,3841318031,464812031,2949376031,26118134031,16392440031,1981390031,,26118610031,"fashion, mens clothes, mens sweatshirts"
Men's Sweatshirt Aspen Knitted Comfort Dark Blue - Men's Jumper Fleece Cotton Hoodie Text Printed On Front Men's Sweatshirt,"302,303,304,282",Dark Blue,Cotton,Comfort Fit,Without zipper,"S,M,L,XL,XXL",2,1,"It is a modern and stylish product.
It is a cotton, hooded, text-printed sweatshirt model.
Due to the studio lights, there may be a color difference between the photo and the product in case of tolerance.",,21.99,21.99,21.99,,21.99,61,21.99,21.99,1,It is a modern sweatshirt.= Cotton fabric is used.= Machine washable.,sweatshirts; man; patterned; black; washing; modern; dimension; adult; cotton; round; washable; soft; knit; large; small; middle; printed; organized; large size; printed,eWorldpartner,1731021031,5131520051,14093118011,,,,10353071051,8794296011,mens-fashion-sweatshirts,3841318031,464812031,2949376031,26118134031,16392440031,1981390031,,26118610031,"fashion, mens clothes, mens sweatshirts"
Men's Sweatshirt Chambery Knit Oversize Brown - Men's Jumper Fleece Round Neck Text and Pattern Printed Men's Sweatshirt,"305,306,251",Brown,Cotton,Oversize Fit,Without zipper,"S,M,L,XL,XXL",2,1,"It is a modern and stylish product.
It is a cotton sweatshirt model with a round neck, text and pattern print.
Due to the studio lights, there may be a color difference between the photo and the product in case of tolerance.",,21.99,21.99,21.99,,21.99,61,21.99,21.99,1,It's a brown sweatshirt. = Machine washable. = Comfortable and wide cut.,sweatshirts; boy; man; patterned; pink; washing; modern; dimension; adult; cotton; round; washable; soft; knit; large; small; middle; printed; organised; large size,eWorldpartner,1731021031,5131520051,14093118011,,,,10353071051,8794296011,mens-fashion-sweatshirts,3841318031,464812031,2949376031,26118134031,16392440031,1981390031,,26118610031,"fashion, mens clothes, mens sweatshirts"
Men's Sweatshirt Process Knit Oversize Ecru - Men's Jumper Fleece Hooded Long Sleeve Patterned Men's Sweatshirt,"307,308,251",Ecru,Cotton,Oversize Fit,Without zipper,"S,M,L,XL,XXL",2,1,"It is a modern and stylish product.
It is a cotton, hooded, long sleeved, oversized sweatshirt model.
Due to the studio lights, there may be a color difference between the photo and the product in case of tolerance.",,22.99,22.99,22.99,,22.99,64,22.99,22.99,1,It is a stylish light ecru sweatshirt.= Comfortable cut.= Machine washable.,sweatshirts; man; patterned; orange; washing; modern; dimension; adult; cotton; round; washable; soft; knit; large; small; middle; printed; organized; large size,eWorldpartner,1731021031,5131520051,14093118011,,,,10353071051,8794296011,mens-fashion-sweatshirts,3841318031,464812031,2949376031,26118134031,16392440031,1981390031,,26118610031,"fashion, mens clothes, mens sweatshirts"
Men's Sweatshirt Process Knit Oversize Anthracite - Men's Jumper Fleece Hooded Long Sleeve Patterned Men's Sweatshirt,"309,310,311,251",Anthracite,Cotton,Oversize Fit,Without zipper,"S,M,L,XL,XXL",2,1,"It is a modern and stylish product.
It is a cotton, hooded, long sleeved, oversized sweatshirt model.
Due to the studio lights, there may be a color difference between the photo and the product in case of tolerance.",,22.99,22.99,22.99,,22.99,64,22.99,22.99,1,Cotton fabric is used.= Machine washable. = It is a modern sweatshirt.,sweatshirts; man; patterned; black; washing; modern; dimension; adult; cotton; round; washable; soft; knit; large; small; middle; printed; organized; large size,eWorldpartner,1731021031,5131520051,14093118011,,,,10353071051,8794296011,mens-fashion-sweatshirts,3841318031,464812031,2949376031,26118134031,16392440031,1981390031,,26118610031,"fashion, mens clothes, mens sweatshirts"
Men's Sweatshirt Showy Knit Oversize Black - Men's Jumper Fleece Hooded Long Sleeve Patterned Men's Sweatshirt,"312,313,314,251",Black,Cotton,Oversize Fit,Without zipper,"S,M,L,XL,XXL",2,1,"It is a modern and stylish product.
It is a cotton, hooded, long sleeved, oversized sweatshirt model.
Due to the studio lights, there may be a color difference between the photo and the product in case of tolerance.",,22.99,22.99,22.99,,22.99,64,22.99,22.99,1,It is a black patterned sweatshirt.= Machine washable.= It is comfortable and wide cut.,sweatshirts; man; patterned; black; washing; modern; dimension; adult; cotton; round; washable; soft; knit; large; small; middle; printed; organized; large size; cotton,eWorldpartner,1731021031,5131520051,14093118011,,,,10353071051,8794296011,mens-fashion-sweatshirts,3841318031,464812031,2949376031,26118134031,16392440031,1981390031,,26118610031,"fashion, mens clothes, mens sweatshirts"
Men's Sweatshirt Smile Knit Oversize Beige - Men's Jumper Fleece Cotton Hoodie Printed and Embroidered Men's Sweatshirt,"315,316,317,251",Beige,Cotton,Oversize Fit,Without zipper,"S,M,L,XL,XXL",2,1,"It is a modern and stylish product.
It is a cotton, hooded, long sleeved, oversized sweatshirt model.
Due to the studio lights, there may be a color difference between the photo and the product in case of tolerance.",,22.99,22.99,22.99,,22.99,64,22.99,22.99,1,It is printed on beige.= Cotton fabric is used.= Machine washable.,sweatshirts; man; patterned; black; washing; modern; dimension; adult; cotton; round; washable; soft; knit; large; small; middle; printed; organized; large size,eWorldpartner,1731021031,5131520051,14093118011,,,,10353071051,8794296011,mens-fashion-sweatshirts,3841318031,464812031,2949376031,26118134031,16392440031,1981390031,,26118610031,"fashion, mens clothes, mens sweatshirts"
Men's Sweatshirt Undercover Knitted Comfort Gray - Men's Jumper Fleece Long Sleeve Hoodie Printed Men's Sweatshirt,"318,319,320,321,225",Gray,Cotton,Comfort Fit,Without zipper,"S,M,L,XL,XXL",2,1,"It is a modern and stylish product.
It is a cotton, hooded, long sleeve, comfort fit sweatshirt model.
Due to the studio lights, there may be a color difference between the photo and the product in case of tolerance.",,22.99,22.99,22.99,,22.99,64,22.99,22.99,1,Comfortable and wide cut.= Machine washable.= It is a stylish sweatshirt.,sweatshirt; male; man; patterned; pink; washing; modern; dimension; adult; cotton; round; washable; soft; knit; large; small; middle; printed; organised; large size,eWorldpartner,1731021031,5131520051,14093118011,,,,10353071051,8794296011,mens-fashion-sweatshirts,3841318031,464812031,2949376031,26118134031,16392440031,1981390031,,26118610031,"fashion, mens clothes, mens sweatshirts"
Men's Sweatshirt Wild Knitted Comfort Ecru - Men's Jumper Fleece Cotton Long Sleeve Hooded Embroidered Men's Sweatshirt,"322,323,324,225",Ecru,Cotton,Comfort Fit,Without zipper,"S,M,L,XL,XXL",2,1,"It is a modern and stylish product.
It is a cotton, hooded, long sleeve, comfort sweatshirt model.
Due to the studio lights, there may be a color difference between the photo and the product in case of tolerance.",,22.99,22.99,22.99,,22.99,64,22.99,22.99,1,Machine washable.= Comfortable and wide cut.= It is a stylish sweatshirt.,sweatshirt; man; boy; patterned; pink; washing; modern; dimension; adult; cotton; round; washable; soft; knit; large; small; middle; printed; organised; large size,eWorldpartner,1731021031,5131520051,14093118011,,,,10353071051,8794296011,mens-fashion-sweatshirts,3841318031,464812031,2949376031,26118134031,16392440031,1981390031,,26118610031,"fashion, mens clothes, mens sweatshirts"
Men's Sweatshirt Persisted Knit Oversize Black - Men's Jumper Fleece Hooded Patterned Long Sleeved Text Printed Men's Sweatshirt,"325,326,327,251",Black,Cotton,Oversize Fit,Without zipper,"S,M,L,XL,XXL",2,1,"It is a modern and stylish product.
It is a cotton, hooded, long sleeved, oversized sweatshirt model.
Due to the studio lights, there may be a color difference between the photo and the product in case of tolerance.",,22.99,22.99,22.99,,22.99,64,22.99,22.99,1,It's a modern sweatshirt. = Machine washable. = Comfortable and wide cut.,sweatshirt; boy; man; patterned; pink; washing; modern; dimension; adult; cotton; round; washable; soft; knit; large; small; middle; printed; organised; large size,eWorldpartner,1731021031,5131520051,14093118011,,,,10353071051,8794296011,mens-fashion-sweatshirts,3841318031,464812031,2949376031,26118134031,16392440031,1981390031,,26118610031,"fashion, mens clothes, mens sweatshirts"
Men's Sweatshirt Route Knit Oversize Gray - Men's Jumper Fleece Hooded Slogan Printed Long Sleeve Men's Sweatshirt,"328,329,330,251",Gray,Cotton,Oversize Fit,Without zipper,"S,M,L,XL,XXL",2,1,"It is a modern and stylish product.
It is a cotton, hooded, long sleeved, oversized sweatshirt model.
Due to the studio lights, there may be a color difference between the photo and the product in case of tolerance.",,22.99,22.99,22.99,,22.99,64,22.99,22.99,1,It is a stylish gray sweatshirt.= Comfortable cut.= Machine washable.,sweatshirts; man; patterned; Grey; washing; modern; dimension; adult; cotton; round; washable; soft; knit; large; small; middle; printed; organized; large size; printed,eWorldpartner,1731021031,5131520051,14093118011,,,,10353071051,8794296011,mens-fashion-sweatshirts,3841318031,464812031,2949376031,26118134031,16392440031,1981390031,,26118610031,"fashion, mens clothes, mens sweatshirts"
Men's Sweatshirt Stephan Knit Oversize Blue - Men's Jumper Fleece Round Neck Solid Color Long Sleeve Men's Sweatshirt,"331,332,333,251",Blue,Cotton,Oversize Fit,Without zipper,"S,M,L,XL,XXL",2,1,"It is a modern and stylish product.
It is a cotton, round neck, long sleeve, oversized sweatshirt model.
Due to the studio lights, there may be a color difference between the photo and the product in case of tolerance.",,21.99,21.99,21.99,,21.99,61,21.99,21.99,1,Long sleeve sweatshirt model.= It is a stylish sweatshirt.= Machine washable.,sweatshirts; man; patterned; orange; washing; modern; dimension; adult; cotton; round; washable; soft; knit; large; small; middle; printed; organized; large size; printed,eWorldpartner,1731021031,5131520051,14093118011,,,,10353071051,8794296011,mens-fashion-sweatshirts,3841318031,464812031,2949376031,26118134031,16392440031,1981390031,,26118610031,"fashion, mens clothes, mens sweatshirts"
Men's Sweatshirt Stephan Knit Oversize Mint Green - Men's Jumper Fleece Round Neck Solid Color Long Sleeve Men's Sweatshirt,"334,335,336,251",Green,Cotton,Oversize Fit,Without zipper,"S,M,L,XL,XXL",2,1,"It is a modern and stylish product.
It is a cotton, round neck, long sleeve, oversized sweatshirt model.
Due to the studio lights, there may be a color difference between the photo and the product in case of tolerance.",,21.99,21.99,21.99,,21.99,61,21.99,21.99,1,Comfortable and wide cut.= Machine washable.= It is a stylish sweatshirt.,sweatshirt; male; man; patterned; pink; washing; modern; dimension; adult; cotton; round; washable; soft; knit; large; small; middle; printed; organised; large size,eWorldpartner,1731021031,5131520051,14093118011,,,,10353071051,8794296011,mens-fashion-sweatshirts,3841318031,464812031,2949376031,26118134031,16392440031,1981390031,,26118610031,"fashion, mens clothes, mens sweatshirts"
Men's Sweatshirt Stephan Knit Oversize Brown - Men's Jumper Fleece Round Neck Solid Color Long Sleeve Men's Sweatshirt,"337,338,339,251",Brown,Cotton,Oversize Fit,Without zipper,"S,M,L,XL,XXL",2,1,"It is a modern and stylish product.
It is a cotton, round neck, long sleeve, oversized sweatshirt model.
Due to the studio lights, there may be a color difference between the photo and the product in case of tolerance.",,21.99,21.99,21.99,,21.99,61,21.99,21.99,1,Machine washable.= Comfortable and wide cut.= It is a stylish sweatshirt.,sweatshirt; man; boy; patterned; pink; washing; modern; dimension; adult; cotton; round; washable; soft; knit; large; small; middle; printed; organised; large size,eWorldpartner,1731021031,5131520051,14093118011,,,,10353071051,8794296011,mens-fashion-sweatshirts,3841318031,464812031,2949376031,26118134031,16392440031,1981390031,,26118610031,"fashion, mens clothes, mens sweatshirts"
Men's Sweatshirt Expressed Knitted Comfort Ecru - Men's Jumper Fleece Round Neck Printed Long Sleeve Men's Sweatshirt,"340,341,342,225",Ecru,Cotton,Comfort Fit,Without zipper,"S,M,L,XL,XXL",2,1,"It is a modern and stylish product.
It is a cotton, round neck, long sleeve, comfort fit sweatshirt model.
Due to the studio lights, there may be a color difference between the photo and the product in case of tolerance.",,21.99,21.99,21.99,,21.99,61,21.99,21.99,1,It's a modern sweatshirt. = Machine washable. = Comfortable and wide cut.,sweatshirt; boy; man; patterned; pink; washing; modern; dimension; adult; cotton; round; washable; soft; knit; large; small; middle; printed; organised; large size,eWorldpartner,1731021031,5131520051,14093118011,,,,10353071051,8794296011,mens-fashion-sweatshirts,3841318031,464812031,2949376031,26118134031,16392440031,1981390031,,26118610031,"fashion, mens clothes, mens sweatshirts"
Men's Sweatshirt Solar Knitted Comfort Black - Men's Jumper Fleece Hooded Long Sleeve Patterned Men's Sweatshirt,"343,344,345,225",Black,Cotton,Comfort Fit,Without zipper,"S,M,L,XL,XXL",2,1,"It is a modern and stylish product.
It is a cotton, hooded, long sleeve, comfort fit sweatshirt model.
Due to the studio lights, there may be a color difference between the photo and the product in case of tolerance.",,22.99,22.99,22.99,,22.99,64,22.99,22.99,1,It is patterned on black.= Cotton fabric is used.= Machine washable.,sweatshirts; man; patterned; Grey; washing; modern; dimension; adult; cotton; round; washable; soft; knit; large; small; middle; printed; organized; large size; printed,eWorldpartner,1731021031,5131520051,14093118011,,,,10353071051,8794296011,mens-fashion-sweatshirts,3841318031,464812031,2949376031,26118134031,16392440031,1981390031,,26118610031,"fashion, mens clothes, mens sweatshirts"
Men's Sweatshirt Draco Knitted Relaxed Fit Purple - Men's Jumper Fleece Cotton Hooded Kangaroo Pocket Men's Sweatshirt,"346,347,348,282",Purple,Cotton,Relaxed Fit,Without zipper,"S,M,L,XL,XXL",2,1,"It is a modern and stylish product.
It is a cotton sweatshirt with a hood and a kangaroo pocket.
Due to the studio lights, there may be a color difference between the photo and the product in case of tolerance.",,21.99,21.99,21.99,,21.99,61,21.99,21.99,1,It is a kangaroo pocket sweatshirt model.= It is a stylish sweatshirt.= Machine washable.,sweatshirts; man; patterned; orange; washing; modern; dimension; adult; cotton; round; washable; soft; knit; large; small; middle; printed; organized; large size; printed,eWorldpartner,1731021031,5131520051,14093118011,,,,10353071051,8794296011,mens-fashion-sweatshirts,3841318031,464812031,2949376031,26118134031,16392440031,1981390031,,26118610031,"fashion, mens clothes, mens sweatshirts"
Men's Sweatshirt Draco Knitted Relaxed Fit Beige - Men's Jumper Fleece Cotton Hooded Kangaroo Pocket Men's Sweatshirt,"349,350,351,282",Beige,Cotton,Relaxed Fit,Without zipper,"S,M,L,XL,XXL",2,1,"It is a modern and stylish product.
It is a cotton sweatshirt with a hood and a kangaroo pocket.
Due to the studio lights, there may be a color difference between the photo and the product in case of tolerance.",,21.99,21.99,21.99,,21.99,61,21.99,21.99,1,It is a modern sweatshirt.= Cotton fabric is used.= Machine washable.,sweatshirts; man; patterned; black; washing; modern; dimension; adult; cotton; round; washable; soft; knit; large; small; middle; printed; organized; large size; printed,eWorldpartner,1731021031,5131520051,14093118011,,,,10353071051,8794296011,mens-fashion-sweatshirts,3841318031,464812031,2949376031,26118134031,16392440031,1981390031,,26118610031,"fashion, mens clothes, mens sweatshirts"
Men's Sweatshirt Carter Knitted Comfort Fit Light Black - Men's Jumper Fleece Hooded Front Printed Long Sleeve Men's Sweatshirt,"352,353,354,225",Black,Cotton,Comfort Fit,Without zipper,"S,M,L,XL,XXL",2,1,"It is a modern and stylish product.
It is a cotton, hooded, front printed sweatshirt model.
Due to the studio lights, there may be a color difference between the photo and the product in case of tolerance.",,21.99,21.99,21.99,,21.99,61,21.99,21.99,1,It's a black sweatshirt. = Machine washable. = Comfortable and wide cut.,sweatshirts; boy; man; patterned; pink; washing; modern; dimension; adult; cotton; round; washable; soft; knit; large; small; middle; printed; organised; large size,eWorldpartner,1731021031,5131520051,14093118011,,,,10353071051,8794296011,mens-fashion-sweatshirts,3841318031,464812031,2949376031,26118134031,16392440031,1981390031,,26118610031,"fashion, mens clothes, mens sweatshirts"
Men's Sweatshirt Stephan Knit Oversize Anthracite - Men's Jumper Fleece Round Neck Solid Color Long Sleeve Men's Sweatshirt,"355,356,357,251",Anthracite,Cotton,Oversize Fit,Without zipper,"S,M,L,XL,XXL",2,1,"It is a modern and stylish product.
It is a cotton, round neck, long sleeve, oversized sweatshirt model.
Due to the studio lights, there may be a color difference between the photo and the product in case of tolerance.",,21.99,21.99,21.99,,21.99,61,21.99,21.99,1,It is a stylish yellow sweatshirt.= Comfortable cut.= Machine washable.,sweatshirts; man; patterned; orange; washing; modern; dimension; adult; cotton; round; washable; soft; knit; large; small; middle; printed; organized; large size,eWorldpartner,1731021031,5131520051,14093118011,,,,10353071051,8794296011,mens-fashion-sweatshirts,3841318031,464812031,2949376031,26118134031,16392440031,1981390031,,26118610031,"fashion, mens clothes, mens sweatshirts"
Men's Sweatshirt Eternal Knitted Relaxed Vanilla - Men's Jumper Fleece Hooded Long Sleeve Slogan Printed Men's Sweatshirt,"358,359,360,282",Beige,Cotton,Relaxed Fit,Without zipper,"S,M,L,XL,XXL",2,1,"It is a modern and stylish product.
It is a cotton, hooded, long sleeved, relaxed fit sweatshirt model.
Due to the studio lights, there may be a color difference between the photo and the product in case of tolerance.",,22.99,22.99,22.99,,22.99,64,22.99,22.99,1,Cotton fabric is used.= Machine washable. = It is a modern sweatshirt.,sweatshirt; male; man; patterned; pink; washing; modern; dimension; adult; cotton; round; washable; soft; knit; large; small; middle; printed; organised; large size,eWorldpartner,1731021031,5131520051,14093118011,,,,10353071051,8794296011,mens-fashion-sweatshirts,3841318031,464812031,2949376031,26118134031,16392440031,1981390031,,26118610031,"fashion, mens clothes, mens sweatshirts"
Men's Sweatshirt Hold Knitted Relaxed Black - Men's Jumper Fleece Round Neck Long Sleeve Text and Picture Printed Men's Sweatshirt,"361,362,363,282",Black,Cotton,Relaxed Fit,Without zipper,"S,M,L,XL,XXL",2,1,"It is a modern and stylish product.
It is a relaxed fit sweatshirt model made of cotton, with a round neck and long sleeves.
Due to the studio lights, there may be a color difference between the photo and the product in case of tolerance.",,18.99,18.99,18.99,,18.99,58,18.99,18.99,1,It is a black patterned sweatshirt.= Machine washable.= It is comfortable and wide cut.,sweatshirt; man; boy; patterned; pink; washing; modern; dimension; adult; cotton; round; washable; soft; knit; large; small; middle; printed; organised; large size,eWorldpartner,1731021031,5131520051,14093118011,,,,10353071051,8794296011,mens-fashion-sweatshirts,3841318031,464812031,2949376031,26118134031,16392440031,1981390031,,26118610031,"fashion, mens clothes, mens sweatshirts"
Men's Sweatshirt Solar Knitted Comfort Vanilla - Men's Jumper Fleece Hooded Long Sleeve Patterned Men's Sweatshirt,"364,365,225",Beige,Cotton,Comfort Fit,Without zipper,"S,M,L,XL,XXL",2,1,"It is a modern and stylish product.
It is a cotton, hooded, long sleeve, comfort fit sweatshirt model.
Due to the studio lights, there may be a color difference between the photo and the product in case of tolerance.",,22.99,22.99,22.99,,22.99,64,22.99,22.99,1,It is patterned on beige.= Cotton fabric is used.= Machine washable.,sweatshirt; boy; man; patterned; pink; washing; modern; dimension; adult; cotton; round; washable; soft; knit; large; small; middle; printed; organised; large size,eWorldpartner,1731021031,5131520051,14093118011,,,,10353071051,8794296011,mens-fashion-sweatshirts,3841318031,464812031,2949376031,26118134031,16392440031,1981390031,,26118610031,"fashion, mens clothes, mens sweatshirts"
 Men's Sweatshirt Varsity Knit Oversize Ecru - Men's Jumper Fleece Cotton Round Neck Front Printed Men's Sweatshirt,"366,367,368,251",Ecru,Cotton,Oversize Fit,Without zipper,"M,L,XL,XXL",2,1,"It is a modern and stylish product.
It is a cotton, round neck, long sleeve, oversized sweatshirt model.
Due to the studio lights, there may be a color difference between the photo and the product in case of tolerance.",,16.99,16.99,16.99,,16.99,55,16.99,16.99,1,Comfortable and wide cut.= Machine washable.= It is a stylish sweatshirt.,sweatshirt; male; man; patterned; pink; washing; modern; dimension; adult; cotton; round; washable; soft; knit; large; small; middle; printed; organised; large size,eWorldpartner,1731021031,5131520051,14093118011,,,,10353071051,8794296011,mens-fashion-sweatshirts,3841318031,464812031,2949376031,26118134031,16392440031,1981390031,,26118610031,"fashion, mens clothes, mens sweatshirts"
Men's Sweatshirt Ginormous Knitted Comfort Fit Dark Blue - Men's Jumper Fleece Front Printed Round Neck Long Sleeve Men's Sweatshirt,"369,370,371,225",Dark Blue,Cotton,Comfort Fit,Without zipper,"S,M,L,XXL",2,1,"It is a modern and stylish product.
It is a cotton sweatshirt with a round neck and a printed front.
Due to the studio lights, there may be a color difference between the photo and the product in case of tolerance.",,16.99,16.99,16.99,,16.99,55,16.99,16.99,1,Machine washable.= Comfortable and wide cut.= It is a stylish sweatshirt.,sweatshirt; man; boy; patterned; pink; washing; modern; dimension; adult; cotton; round; washable; soft; knit; large; small; middle; printed; organised; large size,eWorldpartner,1731021031,5131520051,14093118011,,,,10353071051,8794296011,mens-fashion-sweatshirts,3841318031,464812031,2949376031,26118134031,16392440031,1981390031,,26118610031,"fashion, mens clothes, mens sweatshirts"
Men's Sweatshirt Floyd Knit Oversize Black - Men's Jumper Fleece Hooded Tie Dye Patterned Raised Men's Sweatshirt,"372,373,374,375",Black,Cotton,Oversize Fit,Without zipper,"S,M,L,XL",2,1,"It is a modern and stylish product.
It is a cotton, hooded, long sleeved, oversized sweatshirt model.
Due to the studio lights, there may be a color difference between the photo and the product in case of tolerance.",,18.99,18.99,18.99,,18.99,58,18.99,18.99,1,It's a modern sweatshirt. = Machine washable. = Comfortable and wide cut.,sweatshirt; boy; man; patterned; pink; washing; modern; dimension; adult; cotton; round; washable; soft; knit; large; small; middle; printed; organised; large size,eWorldpartner,1731021031,5131520051,14093118011,,,,10353071051,8794296011,mens-fashion-sweatshirts,3841318031,464812031,2949376031,26118134031,16392440031,1981390031,,26118610031,"fashion, mens clothes, mens sweatshirts"
Men's Sweatshirt Midtown Knit Oversize Beige - Men's Jumper Fleece Round Collar Printed Men's Sweatshirt,"376,377,378,251",Beige,Cotton,Oversize Fit,Without zipper,"S,L,XL,XXL",2,1,"It is a modern and stylish product.
It is a cotton, round neck, long sleeve, oversized sweatshirt model.
Due to the studio lights, there may be a color difference between the photo and the product in case of tolerance.",,21.99,21.99,21.99,,21.99,61,21.99,21.99,1,It is printed on beige.= Cotton fabric is used.= Machine washable.,sweatshirts; man; patterned; Grey; washing; modern; dimension; adult; cotton; round; washable; soft; knit; large; small; middle; printed; organized; large size; printed,eWorldpartner,1731021031,5131520051,14093118011,,,,10353071051,8794296011,mens-fashion-sweatshirts,3841318031,464812031,2949376031,26118134031,16392440031,1981390031,,26118610031,"fashion, mens clothes, mens sweatshirts"
Men's Sweatshirt Sight Knitted Comfort Fit Light Gray - Men's Jumper Fleece Hooded Kangaroo Pocket Long Sleeve Men's Sweatshirt,"379,380,381,225",Light Gray,Cotton,Comfort Fit,Without zipper,"S,M,L,XL",2,1,"It is a modern and stylish product.
It is a cotton, hooded, long sleeve, comfort fit sweatshirt model.
Due to the studio lights, there may be a color difference between the photo and the product in case of tolerance.",,16.99,16.99,16.99,,16.99,55,16.99,16.99,1,It is a long sleeve sweatshirt.= It is a stylish sweatshirt.= Machine washable.,sweatshirts; man; patterned; orange; washing; modern; dimension; adult; cotton; round; washable; soft; knit; large; small; middle; printed; organized; large size; printed,eWorldpartner,1731021031,5131520051,14093118011,,,,10353071051,8794296011,mens-fashion-sweatshirts,3841318031,464812031,2949376031,26118134031,16392440031,1981390031,,26118610031,"fashion, mens clothes, mens sweatshirts"
Men's Sweatshirt Outlier Knit Oversize Pink - Men's Jumper Fleece Round Neck Chest And Sleeve Text Printed Men's Sweatshirt,"382,383,384,385",Pink,Cotton,Oversize Fit,Without zipper,"S,M,L,XL",2,1,"It is a modern and stylish product.
It is a cotton, crew neck, long sleeve, oversized sweatshirt model.
Due to the studio lights, there may be a color difference between the photo and the product in case of tolerance.",,14.99,14.99,14.99,,14.99,52,14.99,14.99,1,It is a modern sweatshirt.= Cotton fabric is used.= Machine washable.,sweatshirts; man; patterned; black; washing; modern; dimension; adult; cotton; round; washable; soft; knit; large; small; middle; printed; organized; large size; printed,eWorldpartner,1731021031,5131520051,14093118011,,,,10353071051,8794296011,mens-fashion-sweatshirts,3841318031,464812031,2949376031,26118134031,16392440031,1981390031,,26118610031,"fashion, mens clothes, mens sweatshirts"
Men's Sweatshirt Midtown Knit Oversize Lilac - Men's Jumper Fleece Round Collar Printed Men's Sweatshirt,"386,387,388,385",Lilac,Cotton,Oversize Fit,Without zipper,"S,M,L,XXL",2,1,"It is a modern and stylish product.
It is a cotton, round neck, long sleeve, oversized sweatshirt model.
Due to the studio lights, there may be a color difference between the photo and the product in case of tolerance.",,21.99,21.99,21.99,,21.99,61,21.99,21.99,1,It's a lilac sweatshirt. = Machine washable. = Comfortable and wide cut.,sweatshirts; boy; man; patterned; pink; washing; modern; dimension; adult; cotton; round; washable; soft; knit; large; small; middle; printed; organised; large size,eWorldpartner,1731021031,5131520051,14093118011,,,,10353071051,8794296011,mens-fashion-sweatshirts,3841318031,464812031,2949376031,26118134031,16392440031,1981390031,,26118610031,"fashion, mens clothes, mens sweatshirts"
Men's Sweatshirt Nixon Knitted Comfort Fit Black - Men's Jumper Fleece Cotton Hoodie Printed Front Men's Sweatshirt,"389,390,391,225",Black,Cotton,Comfort Fit,Without zipper,"S,M,L,XL",2,1,"It is a modern and stylish product.
It is a cotton, hooded, long sleeve, comfort fit sweatshirt model.
Due to the studio lights, there may be a color difference between the photo and the product in case of tolerance.",,16.99,16.99,16.99,,16.99,55,16.99,16.99,1,It is a stylish black sweatshirt.= Comfortable cut.= Machine washable.,sweatshirts; man; patterned; orange; washing; modern; dimension; adult; cotton; round; washable; soft; knit; large; small; middle; printed; organized; large size,eWorldpartner,1731021031,5131520051,14093118011,,,,10353071051,8794296011,mens-fashion-sweatshirts,3841318031,464812031,2949376031,26118134031,16392440031,1981390031,,26118610031,"fashion, mens clothes, mens sweatshirts"
Men's Sweatshirt Addis Knitted Comfort Fit Tile Color - Men's Jumper Fleece Cotton Turtleneck Solid Color Long Sleeve Men's Sweatshirt,"392,393,394,225",Tile,Cotton,Comfort Fit,Without zipper,"S,M,XL,XXL",2,1,"It is a modern and stylish product.
It is a cotton, turtleneck, long sleeve, comfort fit sweatshirt model.
Due to the studio lights, there may be a color difference between the photo and the product in case of tolerance.",,16.99,16.99,16.99,,16.99,55,16.99,16.99,1,Cotton fabric is used.= Machine washable. = It is a modern sweatshirt.,sweatshirts; man; patterned; black; washing; modern; dimension; adult; cotton; round; washable; soft; knit; large; small; middle; printed; organized; large size,eWorldpartner,1731021031,5131520051,14093118011,,,,10353071051,8794296011,mens-fashion-sweatshirts,3841318031,464812031,2949376031,26118134031,16392440031,1981390031,,26118610031,"fashion, mens clothes, mens sweatshirts"
Men's Sweatshirt Addis Knitted Comfort Fit Ecru - Men's Jumper Fleece Cotton Turtleneck Solid Color Long Sleeve Men's Sweatshirt,"395,396,397,225",Ecru,Cotton,Comfort Fit,Without zipper,"S,M,XL,XXL",2,1,"It is a modern and stylish product.
It is a cotton, turtleneck, long sleeve, comfort fit sweatshirt model.
Due to the studio lights, there may be a color difference between the photo and the product in case of tolerance.",,16.99,16.99,16.99,,16.99,55,16.99,16.99,1,It is a ecru sweatshirt.= Machine washable.= It is comfortable and wide cut.,sweatshirts; man; patterned; black; washing; modern; dimension; adult; cotton; round; washable; soft; knit; large; small; middle; printed; organized; large size; cotton,eWorldpartner,1731021031,5131520051,14093118011,,,,10353071051,8794296011,mens-fashion-sweatshirts,3841318031,464812031,2949376031,26118134031,16392440031,1981390031,,26118610031,"fashion, mens clothes, mens sweatshirts"
Men's Sweatshirt Watson Knitted Comfort Fit Gray - Men's Jumper Fleece Cotton Half Neck Solid Color Long Sleeve Men's Sweatshirt,"398,399,400,225",Gray,Cotton,Comfort Fit,Without zipper,"S,M,L,XXL",2,1,"It is a modern and stylish product.
It is a cotton, half neck, long sleeve, regular fit sweatshirt model.
Due to the studio lights, there may be a color difference between the photo and the product in case of tolerance.",,16.99,16.99,16.99,,16.99,55,16.99,16.99,1,It is a gray sweatshirt.= Cotton fabric is used.= Machine washable.,sweatshirts; man; patterned; black; washing; modern; dimension; adult; cotton; round; washable; soft; knit; large; small; middle; printed; organized; large size,eWorldpartner,1731021031,5131520051,14093118011,,,,10353071051,8794296011,mens-fashion-sweatshirts,3841318031,464812031,2949376031,26118134031,16392440031,1981390031,,26118610031,"fashion, mens clothes, mens sweatshirts"
Men's Sweatshirt Watson Knitted Comfort Fit White - Men's Jumper Fleece Cotton Half Neck Solid Color Long Sleeve Men's Sweatshirt,"401,402,403,225",White,Cotton,Comfort Fit,Without zipper,"S,M,XL,XXL",2,1,"It is a modern and stylish product.
It is a cotton, half neck, long sleeve, regular fit sweatshirt model.
Due to the studio lights, there may be a color difference between the photo and the product in case of tolerance.",,16.99,16.99,16.99,,16.99,55,16.99,16.99,1,Comfortable and wide cut.= Machine washable.= It is a stylish sweatshirt.,sweatshirt; male; man; patterned; pink; washing; modern; dimension; adult; cotton; round; washable; soft; knit; large; small; middle; printed; organised; large size,eWorldpartner,1731021031,5131520051,14093118011,,,,10353071051,8794296011,mens-fashion-sweatshirts,3841318031,464812031,2949376031,26118134031,16392440031,1981390031,,26118610031,"fashion, mens clothes, mens sweatshirts"
Men's Sweatshirt Wassup Knitted Comfort Fit Saffron Yellow - Men's Jumper Fleece Round Neck Front Printed Kangaroo Pocket Men's Sweatshirt,"404,405,406,407",Yellow,Cotton,Comfort Fit,Without zipper,"S,M,L,XXL",2,1,"It is a modern and stylish product.
It is a cotton, round neck, long sleeve, comfort fit sweatshirt model.
Due to the studio lights, there may be a color difference between the photo and the product in case of tolerance.",,14.99,14.99,14.99,,14.99,52,14.99,14.99,1,Machine washable.= Comfortable and wide cut.= It is a stylish sweatshirt.,sweatshirt; man; boy; patterned; pink; washing; modern; dimension; adult; cotton; round; washable; soft; knit; large; small; middle; printed; organised; large size,eWorldpartner,1731021031,5131520051,14093118011,,,,10353071051,8794296011,mens-fashion-sweatshirts,3841318031,464812031,2949376031,26118134031,16392440031,1981390031,,26118610031,"fashion, mens clothes, mens sweatshirts"
Men's Sweatshirt Ferdinand Knit Oversize Black - Men's Jumper Fleece Round Neck Front Printed Men's Sweatshirt,"408,409,410,411",Black,Cotton,Oversize Fit,Without zipper,"S,M,L,XL",2,1,"It is a modern and stylish product.
It is a cotton, round neck, long sleeve, oversized sweatshirt model.
Due to the studio lights, there may be a color difference between the photo and the product in case of tolerance.",,16.99,16.99,16.99,,16.99,55,16.99,16.99,1,It's a modern sweatshirt. = Machine washable. = Comfortable and wide cut.,sweatshirt; boy; man; patterned; pink; washing; modern; dimension; adult; cotton; round; washable; soft; knit; large; small; middle; printed; organised; large size,eWorldpartner,1731021031,5131520051,14093118011,,,,10353071051,8794296011,mens-fashion-sweatshirts,3841318031,464812031,2949376031,26118134031,16392440031,1981390031,,26118610031,"fashion, mens clothes, mens sweatshirts"
Men's Sweatshirt Travis Knitted Comfort Fit Purple - Men's Jumper Fleece Round Neck Solid Color Men's Sweatshirt,"412,413,414,415",Purple,Cotton,Comfort Fit,Without zipper,"S,M,L,XL,XXL",2,1,"It is a modern and stylish product.
It is a cotton, round neck sweatshirt model.
Due to the studio lights, there may be a color difference between the photo and the product in case of tolerance.",,21.99,21.99,21.99,,21.99,61,21.99,21.99,1,It is a stylish purple sweatshirt.= Comfortable cut.= Machine washable.,sweatshirts; man; patterned; Grey; washing; modern; dimension; adult; cotton; round; washable; soft; knit; large; small; middle; printed; organized; large size; printed,eWorldpartner,1731021031,5131520051,14093118011,,,,10353071051,8794296011,mens-fashion-sweatshirts,3841318031,464812031,2949376031,26118134031,16392440031,1981390031,,26118610031,"fashion, mens clothes, mens sweatshirts"
Men's Sweatshirt Travis Knitted Comfort Fit Orange - Men's Jumper Fleece Round Neck Solid Color Men's Sweatshirt,"416,417,418,419",Orange,Cotton,Comfort Fit,Without zipper,"S,M,L,XL,XXL",2,1,"It is a modern and stylish product.
It is a cotton, round neck sweatshirt model.
Due to the studio lights, there may be a color difference between the photo and the product in case of tolerance.",,21.99,21.99,21.99,,21.99,61,21.99,21.99,1,Solid color sweatshirt model.= It is a stylish sweatshirt.= Machine washable.,sweatshirts; man; patterned; orange; washing; modern; dimension; adult; cotton; round; washable; soft; knit; large; small; middle; printed; organized; large size; printed,eWorldpartner,1731021031,5131520051,14093118011,,,,10353071051,8794296011,mens-fashion-sweatshirts,3841318031,464812031,2949376031,26118134031,16392440031,1981390031,,26118610031,"fashion, mens clothes, mens sweatshirts"
Men's Sweatshirt Travis Knitted Comfort Fit Yellow - Men's Jumper Fleece Round Neck Solid Color Men's Sweatshirt,"420,421,422,423",Yellow,Cotton,Comfort Fit,Without zipper,"S,M,L,XL,XXL",2,1,"It is a modern and stylish product.
It is a cotton, round neck sweatshirt model.
Due to the studio lights, there may be a color difference between the photo and the product in case of tolerance.",,21.99,21.99,21.99,,21.99,61,21.99,21.99,1,Comfortable and wide cut.= Machine washable.= It is a stylish sweatshirt.,sweatshirt; male; man; patterned; pink; washing; modern; dimension; adult; cotton; round; washable; soft; knit; large; small; middle; printed; organised; large size,eWorldpartner,1731021031,5131520051,14093118011,,,,10353071051,8794296011,mens-fashion-sweatshirts,3841318031,464812031,2949376031,26118134031,16392440031,1981390031,,26118610031,"fashion, mens clothes, mens sweatshirts"
Men's Sweatshirt Travis Knitted Comfort Fit White - Men's Jumper Fleece Round Neck Solid Color Men's Sweatshirt,"424,425,426,427",White,Cotton,Comfort Fit,Without zipper,"S,M,L,XL,XXL",2,1,"It is a modern and stylish product.
It is a cotton, round neck sweatshirt model.
Due to the studio lights, there may be a color difference between the photo and the product in case of tolerance.",,21.99,21.99,21.99,,21.99,61,21.99,21.99,1,Machine washable.= Comfortable and wide cut.= It is a stylish sweatshirt.,sweatshirt; man; boy; patterned; pink; washing; modern; dimension; adult; cotton; round; washable; soft; knit; large; small; middle; printed; organised; large size,eWorldpartner,1731021031,5131520051,14093118011,,,,10353071051,8794296011,mens-fashion-sweatshirts,3841318031,464812031,2949376031,26118134031,16392440031,1981390031,,26118610031,"fashion, mens clothes, mens sweatshirts"
Men's Sweatshirt Travis Knitted Comfort Fit Tile Color - Men's Jumper Fleece Round Neck Solid Color Men's Sweatshirt,"428,429,430,431",Tile,Cotton,Comfort Fit,Without zipper,"S,M,L,XL,XXL",2,1,"It is a modern and stylish product.
It is a cotton, round neck sweatshirt model.
Due to the studio lights, there may be a color difference between the photo and the product in case of tolerance.",,21.99,21.99,21.99,,21.99,61,21.99,21.99,1,It's a modern sweatshirt. = Machine washable. = Comfortable and wide cut.,sweatshirt; boy; man; patterned; pink; washing; modern; dimension; adult; cotton; round; washable; soft; knit; large; small; middle; printed; organised; large size,eWorldpartner,1731021031,5131520051,14093118011,,,,10353071051,8794296011,mens-fashion-sweatshirts,3841318031,464812031,2949376031,26118134031,16392440031,1981390031,,26118610031,"fashion, mens clothes, mens sweatshirts"
Men's Sweatshirt Jorge Knitted Comfort Fit Pink - Men's Jumper Fleece Hooded Long Sleeve Men's Sweatshirt,"432,433,434,435",Pink,Cotton,Comfort Fit,Without zipper,"S,M,L,XL,XXL",2,1,"It is a modern and stylish product.
It is a cotton, hooded, solid color, comfort sweatshirt model.
Due to the studio lights, there may be a color difference between the photo and the product in case of tolerance.",,21.99,21.99,21.99,,21.99,61,21.99,21.99,1,It is a pink sweatshirt.= Cotton fabric is used.= Machine washable.,sweatshirts; man; patterned; Grey; washing; modern; dimension; adult; cotton; round; washable; soft; knit; large; small; middle; printed; organized; large size; printed,eWorldpartner,1731021031,5131520051,14093118011,,,,10353071051,8794296011,mens-fashion-sweatshirts,3841318031,464812031,2949376031,26118134031,16392440031,1981390031,,26118610031,"fashion, mens clothes, mens sweatshirts"
Men's Sweatshirt Jorge Knitted Comfort Fit Orange - Men's Jumper Fleece Hooded Long Sleeve Men's Sweatshirt,"436,437,438,439",Orange,Cotton,Comfort Fit,Without zipper,"S,M,XL,XXL",2,1,"It is a modern and stylish product.
It is a cotton, hooded, solid color, comfort sweatshirt model.
Due to the studio lights, there may be a color difference between the photo and the product in case of tolerance.",,21.99,21.99,21.99,,21.99,61,21.99,21.99,1,It is a solid color sweatshirt.= It is a stylish sweatshirt.= Machine washable.,sweatshirts; man; patterned; orange; washing; modern; dimension; adult; cotton; round; washable; soft; knit; large; small; middle; printed; organized; large size; printed,eWorldpartner,1731021031,5131520051,14093118011,,,,10353071051,8794296011,mens-fashion-sweatshirts,3841318031,464812031,2949376031,26118134031,16392440031,1981390031,,26118610031,"fashion, mens clothes, mens sweatshirts"