title,images,colors,material,size,package size,piece,description,0,1,2,3,4,5,6,7,8,Desi,bullet,keywords,manufacturer,UK ID,AU ID,MX ID,TR ID,AE ID,SG ID,JP ID,CA ID,US item_type_keyword,IT ID,FR ID,ES ID,PL ID,NL ID,DE ID,BG ID,SE ID,item type name
Wall Ornament Set Design Handmade Set Of 4 Home Decoration Eye Figure Detailed Wall Accessory Out Door Decorative Design Product Orange Wall Object,"1,2,3,4,5",orange,wicker,"37x37x2,37x37x2,30x30x2,27x27x2",40x40x20,4,"Handcrafted from natural materials.
The Handcrafted from natural materials.
The design made of wicker is a wall decoration product.
It adds style and elegance to your home.
It consists of 4 parts.
You can clean it with a damp cloth
Product diameters: 37cm-37cm-30cm-27cm",,305,305,333,,333,368,361,391,7,It is a decorative wall ornament.= It is handmade.= It is a special design.,design; decoration; wall decoration; home; gift; living room; women; handmade; wicker; eye pattern; accessory; decorative; modern; style; natural; orange; indoor; bedroom; woman;,eworldpartner,3028634031,4975473051,9757039011,,,6537881051,10532073051,6647137011,handmade_decorative_ornaments,731697031,2896499031,2844263031,20853372031,16473975031,2989451031,27898544031,20650174031,"home decoration, wall decoration,ornaments"
Wall Ornament Set Handmade Mirror Details Set Of 6 Home Decoration Eye Figured Wall Accessory Living Room Accessory Decorative Painting,"6,7",blue,wicker,"37x37x2,37x37x2,37x37x2,37x37x2,30x30x2,30x30x2",40x40x25,6,"Handcrafted from natural materials.
The design made of wicker is a wall decoration product.
It has mirror detail.
It adds style and elegance to your home.
It consists of 6 parts.
You can clean it with a damp cloth.
Product diameters: 37-37-37-37-30-30",,397,397,426,,426,463,455,490,8,It is used for wall decoration.= It is handmade.= It is a special design.,design; decoration; wall decoration; home ; living room; woman; handmade; wicker; eye pattern; accessory; decorative; modern; style; natural; blue; indoor; bedroom; woman; mirror,eworldpartner,3028634031,4975473051,9757039011,,,6537881051,10532073051,6647137011,handmade_decorative_ornaments,731697031,2896499031,2844263031,20853372031,16473975031,2989451031,27898544031,20650174031,"home decoration, wall decoration,ornaments"
Wall Ornament Set Handmade Mirror Detailed Home Decoration Set of 4 Wall Accessories Living Room Accessory Decorative Painting Wicker Wall Object,8,natural,wicker,"37x37x2,37x37x2,37x37x2,25x25x2",40x40x20,4,"Handmade products inspired by nature.
The design made of wicker is a wall decoration product.
It has mirror detail.
It adds style and elegance to your home.
Set includes 4 pieces of product.
You can clean it with a damp cloth.
Product diameters: 37-37-37-25 cm",,322,322,350,,350,385,378,408,7,It is made of natural material.= It is handmade.= Decorative wall ornament.,decoration; design; wall decoration; house ; living room;  handmade; wicker; stylish ; accessory; decorative; modern; style; natural; blue; indoor; bedroom; woman; mirror,eworldpartner,3028634031,4975473051,9757039011,,,6537881051,10532073051,6647137011,handmade_decorative_ornaments,731697031,2896499031,2844263031,20853372031,16473975031,2989451031,27898544031,20650174031,"home decoration, wall decoration,ornaments"
Wall Ornament Set Handmade Detailed Home Decoration Set of 3 Wall Accessories Living Room Accessory Decorative Painting Design Wicker Wall Object,9,natural,wicker,"37x37x2,37x37x2,37x37x2",40x40x15,3,"The design made of wicker is a wall decoration product.
Handmade products inspired by nature.
It adds style and elegance to your home.
There are 3 items in the set
You can clean it with a damp cloth.
Product diameters: 37-37-37 cm",,208,208,232,,232,266,260,278,5,It is made of natural material.= Handmade.= Decorative wall ornament.,handmade; design; decoration; wall decoration; living room; garden; indoor; wicker; set ; wall decoration set; decorative; modern; style; natural; indoor ; bedroom; woman; mirror,eworldpartner,3028634031,4975473051,9757039011,,,6537881051,10532073051,6647137011,handmade_decorative_ornaments,731697031,2896499031,2844263031,20853372031,16473975031,2989451031,27898544031,20650174031,"home decoration, wall decoration,ornaments"
Wall Decoration Set Handmade Set Of 3 Home Decoration Wall Accessory Garden Wall Design Bohemian Wicker Indoor Wall Object,"10,11,12,13",blue,wicker,"37x37x2,37x37x2,37x37x2",40x40x15,3,"The design made of wicker is a wall decoration product.
Handmade products inspired by nature.
It can be used for home, garden or balcony wall decoration.
There are 3 items in the set
You can clean it with a damp cloth.
Product diameters: 37-37-37",,208,208,232,,232,266,260,278,5,It is a handmade design product.=It is made of natural material.= It is a decorative wall ornament.,handmade; design; decoration; wall decoration; home; woman; wicker; indoor; accessory; decorative; modern; style; living room; garden; outdoor decoration,eworldpartner,3028634031,4975473051,9757039011,,,6537881051,10532073051,6647137011,handmade_decorative_ornaments,731697031,2896499031,2844263031,20853372031,16473975031,2989451031,27898544031,20650174031,"home decoration, wall decoration,ornaments"
Wall Decoration Yellow Handmade Detailed Set of 4 Home Interior Decoration Living Room Wall Accessory Design Wicker Indoor Outdoor Wall Object,"14,15,16,17",natural,wicker,"37x37x2,37x37x2,37x37x2,30x30x2",40x40x20,4,"The design made of wicker is a wall decoration product.
Handmade products inspired by nature.
It can be used for home, garden or balcony wall decoration.
There are 4 items in the set
You can clean it with a damp cloth.
Product diameters: 37-37-37-30",,252,252,280,,280,315,308,338,7,It is a handmade design product.=It is made of natural material.= It is a decorative wall ornament.,handmade; design; decoration; wall decoration; home; woman; wicker ; indoor; accessory; decorative; modern; style; outdoor ; living room; outdoor decoration; living room decoration;,eworldpartner,3028634031,4975473051,9757039011,,,6537881051,10532073051,6647137011,handmade_decorative_ornaments,731697031,2896499031,2844263031,20853372031,16473975031,2989451031,27898544031,20650174031,"home decoration, wall decoration,ornaments"
Wall Ornament Set Handmade Detailed Set of 3 Home Decoration Living Room Wall Accessory Design Wicker Zebra Pattern Indoor Wall Object,"18,19",black,wicker,"37x37x2,37x37x2,37x37x2",40x40x20,3,"Handmade products inspired by nature.
The design made of wicker is a wall decoration product.
It can be used for home, garden or balcony wall decoration.
There are 3 items in the set
You can clean it with a damp cloth.
Product diameters: 37-37-30",,163,163,191,,191,226,219,249,7,It is used for wall decoration.= It is handmade.= It is a special design.,handmade; design; decoration; wall decoration; home; zebra pattern; wicker; indoor; accessory; decorative; modern; style; living room; garden; outdoor decoration; women; gift,eworldpartner,3028634031,4975473051,9757039011,,,6537881051,10532073051,6647137011,handmade_decorative_ornaments,731697031,2896499031,2844263031,20853372031,16473975031,2989451031,27898544031,20650174031,"home decoration, wall decoration,ornaments"
Wall Ornament Set Handmade Detailed Set Of 4 Home Decoration Living Room Wall Accessory Mirror Design Product Wicker Indoor Wall Object,20,brown,wicker,"37x37x2,37x37x2,30x30x2,40x40x2",45x45x20,4,"Handmade products inspired by nature.
The design made of wicker is a wall decoration product.
It can be used for home, garden or balcony wall decoration.
There are 3 items in the set
You can clean it with a damp cloth.
Product diameters: 37-30-30 / mirror inside: 25 cm, complete: 40 cm",,295,295,324,,324,364,355,396,9,It is a handmade design product.=It is made of natural material.= It is a decorative wall ornament.,decoration; design; wall decoration; house ; living room; handmade; wicker; stylish ; accessory; decorative; modern; style; gift; outdoor wall; indoor; bedroom; woman; mirror,eworldpartner,3028634031,4975473051,9757039011,,,6537881051,10532073051,6647137011,handmade_decorative_ornaments,731697031,2896499031,2844263031,20853372031,16473975031,2989451031,27898544031,20650174031,"home decoration, wall decoration,ornaments"
Wall Ornament Set Handmade Detailed Set Of 3 Home Decoration Living Room Wall Accessory Indoor Mirror Design Product Wicker Indoor Wall Object,21,red,wicker,"37x37x2,37x37x2,37x37x2",40x40x15,3,"Handmade products inspired by nature.
The design made of wicker is a wall decoration product.
It has mirror detail.
It can be used for home, garden or balcony wall decoration.
There are 3 items in the set
You can clean it with a damp cloth.
Product diameters: 37-37-37",,173,173,198,,198,231,225,244,5,It is a handmade design product.=It is made of natural material.= It is a decorative wall ornament,handmade; design; decoration; wall decoration; home; woman; wicker; indoor; accessory; decorative; bohemian style; living room; decorative mirror; garden; outdoor decoration,eworldpartner,3028634031,4975473051,9757039011,,,6537881051,10532073051,6647137011,handmade_decorative_ornaments,731697031,2896499031,2844263031,20853372031,16473975031,2989451031,27898544031,20650174031,"home decoration, wall decoration,ornaments"
Wall Ornament Set Handmade Set Of 5 Detailed Home Decoration Living Room Wall Accessory Indoor Design Product Wicker Indoor Wall Object,22,black,wicker,"37x37x2,37x37x2,37x37x2,37x37x2,30x30x2",40x40x25,5,"Handmade products inspired by nature.
The design made of wicker is a wall decoration product.
It has mirror detail.
It can be used for home, garden or balcony wall decoration.
There are 5 items in the set
You can clean it with a damp cloth.
Product diameters: 37-37-37-37-30",,293,293,322,,322,359,351,386,8,It is used for wall decoration.= It is handmade.= It is a special design.,decoration; design; wall decoration; house ; living room; handmade; wicker; stylish ; accessory; decorative; modern; style; gift; outdoor wall; indoor; bedroom; woman; mirror,eworldpartner,3028634031,4975473051,9757039011,,,6537881051,10532073051,6647137011,handmade_decorative_ornaments,731697031,2896499031,2844263031,20853372031,16473975031,2989451031,27898544031,20650174031,"home decoration, wall decoration,ornaments"
Wall Ornament Handmade Bohemian Detailed Home Decoration Living Room Wall Accessory Design Product Wicker Indoor Wall Object,23,colorful,wicker,30x30x5,35x35x8,1,"Handmade products inspired by nature.
The design made of wicker is a wall decoration product.
It can be used for home, garden or balcony wall decoration.
You can clean it with a damp cloth.Product diameters: 30 cm",,106,106,112,,112,129,124,131,2,It is a handmade design product.=It is made of natural material.= It is a decorative wall ornament.,handmade; design; decoration; wall decoration; home; wicker; indoor; accessory; decorative; modern; style; living room; garden; outdoor decoration; women; gift,eworldpartner,3028634031,4975473051,9757039011,,,6537881051,10532073051,6647137011,handmade_decorative_ornaments,731697031,2896499031,2844263031,20853372031,16473975031,2989451031,27898544031,20650174031,"home decoration, wall decoration,ornaments"
Wall Ornament Handmade Detailed Blue Home Decoration Living Room Wall Accessory  37x5 Design Product Wicker Indoor Wall Object,25,blue,wicker,37x37x5,40x40x8,1,"Handmade products inspired by nature.
The design made of wicker is a wall decoration product.
It can be used for home, garden or balcony wall decoration.
You can clean it with a damp cloth.Product diameters: 37 cm",,111,111,127,,127,151,145,155,3,It is a handmade design product.=It is made of natural material.= It is a decorative wall ornament.,handmade; design; decoration; wall decoration; home; wicker; indoor; accessory; decorative; modern; style; living room; garden decoration; outdoor decoration; women; gift,eworldpartner,3028634031,4975473051,9757039011,,,6537881051,10532073051,6647137011,handmade_decorative_ornaments,731697031,2896499031,2844263031,20853372031,16473975031,2989451031,27898544031,20650174031,"home decoration, wall decoration,ornaments"
Wall Ornament Handmade Detailed Home Decoration Living Room Wall Accessory Zebra Design Product Wicker Indoor Wall Object,26,black,wicker,37x37x5,40x40x8,1,"The design made of wicker is a wall decoration product.
Handmade products inspired by nature.
It can be used for home, garden or balcony wall decoration.
You can clean it with a damp cloth.Product diameters: 37",,111,111,127,,127,151,145,155,3,It is a handmade design product.=It is made of natural material.= It is a decorative wall ornament.,handmade; design; decoration; wall decoration; home; woman; wicker; indoor; accessory; decorative; modern; style; living room;  garden; outdoor decoration,eworldpartner,3028634031,4975473051,9757039011,,,6537881051,10532073051,6647137011,handmade_decorative_ornaments,731697031,2896499031,2844263031,20853372031,16473975031,2989451031,27898544031,20650174031,"home decoration, wall decoration,ornaments"
Wall Ornament  Handmade Detailed Home Decoration Living Room Wall Accessory Design Product Wicker Indoor Wall Object,27,colorful,wicker,37x37x5,40x40x8,1,"The design made of wicker is a wall decoration product.
Handmade products inspired by nature.
It can be used for home, garden or balcony wall decoration.
You can clean it with a damp cloth.Product diameters: 38",,111,111,127,,127,151,145,155,3,It is used for wall decoration.= It is handmade.= It is a special design.,decoration; design; wall decoration; home ; living room; handmade; wicker; stylish ; accessory; decorative; bohemian style; gift; outdoor wall; indoor; bedroom; woman;,eworldpartner,3028634031,4975473051,9757039011,,,6537881051,10532073051,6647137011,handmade_decorative_ornaments,731697031,2896499031,2844263031,20853372031,16473975031,2989451031,27898544031,20650174031,"home decoration, wall decoration,ornaments"
Wall Ornament Set Handmade Detailed Set Of 5 Home Decoration Living Room Wall Accessory Mirror Design Product Wicker Indoor Wall Object,28,colorful,wicker,"37x37x2,37x37x2,37x37x2,37x37x2,30x30x2",40x40x25,5,"Handmade products inspired by nature.
The design made of wicker is a wall decoration product.
It can be used for home, garden or balcony wall decoration.
There are 5 items in the set
You can clean it with a damp cloth.Product diameters: 37-37-37-37-30",,309,309,338,,338,375,367,402,8,Handmade decoration product.=Made from natural material.=Easy to clean.,handmade; design; decoration; wall decoration; home; woman; wicker; indoor; accessory; decorative; modern; style; living room; decorative set; garden; outdoor decoration,eworldpartner,3028634031,4975473051,9757039011,,,6537881051,10532073051,6647137011,handmade_decorative_ornaments,731697031,2896499031,2844263031,20853372031,16473975031,2989451031,27898544031,20650174031,"home decoration, wall decoration,ornaments"
Wall Ornament Set Handmade Detailed Set Of 3 Home Decoration Living Room Wall Accessory Horse Design Product Wicker Indoor Wall Object,29,brown,wicker,"37x37x2,37x37x2,37x37x2",40x40x15,3,"Handmade products inspired by nature.
The design made of wicker is a wall decoration product.
It can be used for home, garden or balcony wall decoration.
There are 3 items in the set
You can clean it with a damp cloth.Product diameters: 37-37-37 cm",,173,173,198,,198,231,225,245,5,Handmade decoration product.=Made from natural material.=Easy to clean.,handmade; design; decoration; wall decoration; home; wicker; indoor; accessory; decorative; modern; style; living room; garden decoration; outdoor decoration; women; gift,eworldpartner,3028634031,4975473051,9757039011,,,6537881051,10532073051,6647137011,handmade_decorative_ornaments,731697031,2896499031,2844263031,20853372031,16473975031,2989451031,27898544031,20650174031,"home decoration, wall decoration,ornaments"
Wall Ornament Set Handmade Detailed Set Of 5 Home Decoration Living Room Wall Accessory Mirror Design Product Wicker Indoor Wall Object,"32,33,24,35,36",black,wicker,"37x37x2,37x37x2,37x37x2,30x30x2,25x25x2",40x40x25,5,"The design made of wicker is a wall decoration product.
Handmade products inspired by nature.
It can be used for home, garden or balcony wall decoration.
There are 5 items in the set
You can clean it with a damp cloth.Product diameter: 37-37-37-30-25 cm",,309,309,338,,338,375,367,402,8,It is a handmade design product.=It is made of natural material.= It is a decorative wall ornament.,handmade; design; decoration; wall decoration; home; wicker; indoor; accessory; decorative; horse desing; modern; style; living room; garden decoration; outdoor decoration; women; gift; mirror wall,eworldpartner,3028634031,4975473051,9757039011,,,6537881051,10532073051,6647137011,handmade_decorative_ornaments,731697031,2896499031,2844263031,20853372031,16473975031,2989451031,27898544031,20650174031,"home decoration, wall decoration,ornaments"
Wall Ornament Set Handmade Detailed Set Of 2 Home Decoration Living Room Wall Accessory Design Product Wicker Indoor Wall Object,37,green,wicker,"37x37x2,30x30x2",40x40x10,2,"The design made of wicker is a wall decoration product.
Handmade products inspired by nature.
It can be used for home, garden or balcony wall decoration.
There are 2 items in the set
You can clean it with a damp cloth.Product diameter: 37-30 cm",,149,149,172,,172,200,194,210,4,It is used for wall decoration.= It is handmade.= It is a special design.,handmade; design; decoration; wall decoration; home; wicker; indoor; accessory; decorative; face figure; modern; style; living room; garden decoration; outdoor decoration; women; gift; mirror wall,eworldpartner,3028634031,4975473051,9757039011,,,6537881051,10532073051,6647137011,handmade_decorative_ornaments,731697031,2896499031,2844263031,20853372031,16473975031,2989451031,27898544031,20650174031,"home decoration, wall decoration,ornaments"
Wall Ornament Handmade Detailed Home Decoration Living Room Wall Accessory Garden Wall Accessory Design Product Wicker Indoor Wall Object,38,siyah,wicker,37x37x5,40x40x8,1,"Handmade products inspired by nature.
The design made of wicker is a wall decoration product.
It can be used for home, garden or balcony wall decoration.
You can clean it with a damp cloth.Product diameters: 37 cm",,111,111,127,,127,151,145,155,3,It is a handmade design product.=It is made of natural material.= It is a decorative wall ornament,decoration; design; wall decoration; home ; living room; handmade; wicker; stylish ; accessory; decorative; bohemian style; outdoor wall; garden decoration; indoor; bedroom; woman;,eworldpartner,3028634031,4975473051,9757039011,,,6537881051,10532073051,6647137011,handmade_decorative_ornaments,731697031,2896499031,2844263031,20853372031,16473975031,2989451031,27898544031,20650174031,"home decoration, wall decoration,ornaments"
Wall Ornament Handmade Detailed Home Decoration Living Room Red Wall Accessory Eye Figure Design Product Wicker Indoor Wall Object 27x5 cm,39,red,wicker,27x27x5,30x30x8,1,"Handmade products inspired by nature.
The design made of wicker is a wall decoration product.
It adds elegance to your wall decoration with its eye figure detail.It can be used for home, garden or balcony wall decoration.
You can clean it with a damp cloth.Product diameters: 27 cm",,97,97,103,,103,120,115,122,2,It is used for wall decoration.= It is handmade.= It is a special design.,decoration; design; wall decoration; home ; livingroom; handmade; wicker; stylish ; accessory; eye figure ; decorative; bohemian style; gift; outdoor wall; indoor; bedroom; woman;,eworldpartner,3028634031,4975473051,9757039011,,,6537881051,10532073051,6647137011,handmade_decorative_ornaments,731697031,2896499031,2844263031,20853372031,16473975031,2989451031,27898544031,20650174031,"home decoration, wall decoration,ornaments"
Wall Ornament Set Handmade Detailed Home Decoration Set Of 3 Living Room Wall Accessory Mirror Design Product Wicker Indoor Wall Object ,"41,4",natural,wicker,"37x37x2, 37x37x2, 30x30x2",40x40x15,3,"The design made of wicker is a wall decoration product.
Handmade products inspired by nature. Mirror Details.
It can be used for home, garden or balcony wall decoration.
There are 3 items in the set
You can clean it with a damp cloth.Product diameters: 37-37-30",,173,173,198,,198,231,224,244,5,It is used for wall decoration.= It is handmade.= It is a special design.,decoration; design; wall decoration; home ; livingroom; handmade; wicker; stylish ; accessory; eye figure ; decorative; bohemian; gift; outdoor wall; indoor; bedroom; woman;,eworldpartner,3028634031,4975473051,9757039011,,,6537881051,10532073051,6647137011,handmade_decorative_ornaments,731697031,2896499031,2844263031,20853372031,16473975031,2989451031,27898544031,20650174031,"home decoration, wall decoration,ornaments"
Wall Ornament Set Handmade Detailed Set Of 2 Home Decoration Living Room Wall Accessory Eye Figure Design Product Wicker Indoor Wall Object,"42,43,44",blue,wicker,"37x37x2,30x30x2",40x40x10,2,"The design made of wicker is a wall decoration product.
Handmade products inspired by nature.
It can be used for home, garden or balcony wall decoration.
There are 2 items in the set
You can clean it with a damp cloth.Product diameter: 37-30 cm",,126,126,149,,149,177,171,182,4,Handmade decoration product.=Made from natural material.=Easy to clean.,decoration; design; wall decoration; home ; livingroom; handmade; wicker; stylish ; accessory; eye figure ; decorative; modern; style; gift; outdoor wall; indoor; bedroom; woman;,eworldpartner,3028634031,4975473051,9757039011,,,6537881051,10532073051,6647137011,handmade_decorative_ornaments,731697031,2896499031,2844263031,20853372031,16473975031,2989451031,27898544031,20650174031,"home decoration, wall decoration,ornaments"
Wall Ornament Set Handmade Detailed Set of 2 Bohemian Home Decoration Living Room Wall Accessory Carpet Pattern Design Wicker Indoor Wall Object,"46,47,48",blue,wicker,"37x37x2,37x37x2",40x40x10,2,"The design made of wicker is a wall decoration product.
Handmade products inspired by nature.
It can be used for home, garden or balcony wall decoration.
There are 2 items in the set
You can clean it with a damp cloth.Product diameter: 37-30 cm",,126,126,149,,149,177,171,182,4,Handmade decoration product.=Made from natural material.=Cleanable item.,handmade; design; decoration; wall decoration; home; wicker; indoor; accessory; decorative; bohemian; living room; garden decoration; outdoor decoration; women; gift; mirror wall,eworldpartner,3028634031,4975473051,9757039011,,,6537881051,10532073051,6647137011,handmade_decorative_ornaments,731697031,2896499031,2844263031,20853372031,16473975031,2989451031,27898544031,20650174031,"home decoration, wall decoration,ornaments"
Wall Ornament Set Handmade Detailed Home Decoration Set Of 3 Living Room Wall Accessory Design Product Wicker Indoor Wall Object ,49,white,wicker,"37x37x2,37x37x2,37x37x2",40x40x15,3,"Handmade products inspired by nature.
The design made of wicker is a wall decoration product.
It can be used for home, garden or balcony wall decoration.
There are 3 items in the set
You can clean it with a damp cloth.Product diameters: 37-37-37 cm",,191,191,216,,216,249,243,262,5,Handmade decoration product.=Made from natural material.=Cleanable item.,handmade; design; decoration; wall decoration; home; wicker; indoor; accessory; decorative; bohemian; living room; garden decoration; outdoor decoration; women; gift; mirror wall,eworldpartner,3028634031,4975473051,9757039011,,,6537881051,10532073051,6647137011,handmade_decorative_ornaments,731697031,2896499031,2844263031,20853372031,16473975031,2989451031,27898544031,20650174031,"home decoration, wall decoration,ornaments"
Wall Ornament Set Handmade Detailed Set Of 4 Home Decoration Living Room Wall Accessory Mirror Eye Figure Design Product Wicker Indoor Wall Object,50,blue,wicker,"37x37x2,30x30x2,25x25x2,40x40x2",44x44x20,4,"It is a handmade mirrored design wall deco product.
Handmade products inspired by nature.
It adds elegance to your wall decoration with its eye figure detail.
Can be used for interior and exterior wall decoration
There are 4 items in the set
You can clean it with a damp cloth.Product diameters: 37-30-25 mirror:inner/25-complete:40 cm",,291,291,320,,320,357,349,384,8,Handmade decoration product.=Made from natural material.=Cleanable item.,decoration; design; wall decoration; home ; livingroom; handmade; wicker; wall mirror; accessory; eye figure ; decorative mirror; bohemian; gift; outdoor wall; indoor; bedroom; woman;,eworldpartner,3028634031,4975473051,9757039011,,,6537881051,10532073051,6647137011,handmade_decorative_ornaments,731697031,2896499031,2844263031,20853372031,16473975031,2989451031,27898544031,20650174031,"home decoration, wall decoration,ornaments"
Wall Ornament Handmade Detailed Home Decoration Living Room Wall Accessory Mirror Design Product Wicker Indoor Wall Object 37x5 cm,51,blue,wicker,37x37x5,40x40x8,1,"Handmade products inspired by nature.
The design made of wicker is a wall decoration product.
It can be used for home, garden or balcony wall decoration.
You can clean it with a damp cloth.Product diameters: 37x5 cm",,111,111,127,,127,151,145,155,3,It is a handmade design product.=It is made of natural material.= It is a decorative wall ornament,decoration; design; wall decoration; home ; livingroom; handmade; wicker; wall mirror; accessory; blue ; decorative mirror; modern; bohemian; outdoor wall; indoor; bedroom; woman;,eworldpartner,3028634031,4975473051,9757039011,,,6537881051,10532073051,6647137011,handmade_decorative_ornaments,731697031,2896499031,2844263031,20853372031,16473975031,2989451031,27898544031,20650174031,"home decoration, wall decoration,ornaments"
Wall Ornament Handmade Detailed Home Decoration Living Room Wall Accessory MirrorDesign Product Wicker Indoor Wall Object 37x5 cm,52,brown,wicker,37x37x5,40x40x8,1,"Handmade products inspired by nature. Mirror details.
The design made of wicker is a wall decoration product.
It can be used for home, garden or balcony wall decoration.
You can clean it with a damp cloth.Product diameters: 37x5 cm",,111,111,127,,127,151,145,155,3,It is a handmade design product.=It is made of natural material.= It is a decorative wall ornament,decoration; design; wall decoration; home ; livingroom; handmade; wicker; wall mirror; accessory; brown ; decorative mirror; bohemian outdoor wall; indoor; bedroom; woman;,eworldpartner,3028634031,4975473051,9757039011,,,6537881051,10532073051,6647137011,handmade_decorative_ornaments,731697031,2896499031,2844263031,20853372031,16473975031,2989451031,27898544031,20650174031,"home decoration, wall decoration,ornaments"
Wall Ornament Handmade Detailed Home Decoration Living Room Wall Accessory Hand Figure Design Product Wicker Indoor Wall Object 32x5 cm,53,black,wicker,32x32x5,35x35x8,1,"Handmade products inspired by nature.
The design made of wicker is a wall decoration product.
It can be used for home, garden or balcony wall decoration.
You can clean it with a damp cloth.Product diameters: 32x5 cm",,93,93,99,,99,116,111,118,2,It is a handmade design product.=It is made of natural material.= It is a decorative wall ornament,decoration; design; wall decoration; home ; livingroom; handmade; wicker; accessory; eye figure; decorative; modern; bohemian; outdoor wall; indoor; bedroom; woman;,eworldpartner,3028634031,4975473051,9757039011,,,6537881051,10532073051,6647137011,handmade_decorative_ornaments,731697031,2896499031,2844263031,20853372031,16473975031,2989451031,27898544031,20650174031,"home decoration, wall decoration,ornaments"
Wall Ornament Handmade Detailed Home Decoration Living Room Wall Accessory Eye Figure Design Product Wicker Indoor Wall Object 37x5 cm,54,blue,wicker,37x37x5,40x40x8,1,"Handmade products inspired by nature.
The design made of wicker is a wall decoration product.
It can be used for home, garden or balcony wall decoration.
You can clean it with a damp cloth.Product diameters: 37x5 cm",,111,111,127,,127,151,145,155,3,Handmade decoration product.=Made from natural material.=Cleanable item.,decoration; bohemian design; wall decoration; home ; livingroom; handmade; wicker; wall mirror; accessory; eye figure; decorative; modern; outdoor wall; indoor; bedroom; woman;,eworldpartner,3028634031,4975473051,9757039011,,,6537881051,10532073051,6647137011,handmade_decorative_ornaments,731697031,2896499031,2844263031,20853372031,16473975031,2989451031,27898544031,20650174031,"home decoration, wall decoration,ornaments"
Wall Ornament Set of 3 Handmade Detailed Home Decoration Living Room Red Wall Accessory  Design Product Wicker Indoor Wall Object ,"55,56,57",red,wicker,"37x37x2,37x37x2,37x37x2",40x40x15,3,"The design made of wicker is a wall decoration product.
Handmade products inspired by nature. Mirror Details.
It can be used for home, garden or balcony wall decoration.
There are 3 items in the set
You can clean it with a damp cloth.Product diameters: 37-37-30",,192,192,217,,217,250,244,263,5,Handmade decoration product.=Made from natural material.=Cleanable item.,decoration; bohemian design; wall decoration; home ; livingroom; handmade; wicker; wall mirror; accessory; decorative; outdoor wall; indoor; bedroom; woman;,eworldpartner,3028634031,4975473051,9757039011,,,6537881051,10532073051,6647137011,handmade_decorative_ornaments,731697031,2896499031,2844263031,20853372031,16473975031,2989451031,27898544031,20650174031,"home decoration, wall decoration,ornaments"
Wall Ornament Set of 3 Handmade Detailed Home Decoration Living Room Wall Accessory Eye Figure Design Product Wicker Indoor Wall Object ,58,brown,wicker,"37x37x2,37x37x2,30x30x2",40x40x15,3,"The design made of wicker is a wall decoration product.
Handmade products inspired by nature. Mirror Details.
It can be used for home, garden or balcony wall decoration.
There are 3 items in the set
You can clean it with a damp cloth.Product diameters: 37-37-30",,192,192,217,,217,250,244,263,5,Handmade decoration product.=Made from natural material.=Cleanable item.,decoration; bohemian design; wall decoration; home ; livingroom; handmade; wicker; wall mirror; accessory; decorative; style; outdoor wall; indoor; bedroom;,eworldpartner,3028634031,4975473051,9757039011,,,6537881051,10532073051,6647137011,handmade_decorative_ornaments,731697031,2896499031,2844263031,20853372031,16473975031,2989451031,27898544031,20650174031,"home decoration, wall decoration,ornaments"
Wall Ornament Handmade Detailed Home Decoration Bohemian Living Room Wall Accessory Design Product Wicker Indoor Wall Object 37x5 cm,59,black,wicker,37x37x5,40x40x8,1,"Handmade products inspired by nature.
The design made of wicker is a wall decoration product.
It can be used for home, garden or balcony wall decoration.
You can clean it with a damp cloth.Product diameters: 37x5 cm",,111,111,127,,127,151,145,155,3,Handmade decoration product.=Made from natural material.=Cleanable item.,decoration; bohemian design; wall decoration; home ; livingroom; handmade; wicker; wall mirror; accessory; black accessory; decorative; modern; outdoor wall; indoor; bedroom; woman;,eworldpartner,3028634031,4975473051,9757039011,,,6537881051,10532073051,6647137011,handmade_decorative_ornaments,731697031,2896499031,2844263031,20853372031,16473975031,2989451031,27898544031,20650174031,"home decoration, wall decoration,ornaments"
Wall Ornament Handmade Detailed Home Decoration Bohemian Living Room Wall Accessory Bohemian Design Product Wicker Indoor Wall Object  30x3 cm,60,white,wicker,30x30x3,35x35x8,1,"Handmade products inspired by nature.
The design made of wicker is a wall decoration product.
It can be used for home, garden or balcony wall decoration.
You can clean it with a damp cloth.Product diameters: 30x3 cm",,106,106,112,,112,129,124,131,2,Handmade decoration product.=Made from natural material.=Cleanable item.,decoration; bohemian design; wall decoration; home ; livingroom; handmade; wicker; wall mirror; accessory; decorative; outdoor wall; indoor; bedroom; woman;,eworldpartner,3028634031,4975473051,9757039011,,,6537881051,10532073051,6647137011,handmade_decorative_ornaments,731697031,2896499031,2844263031,20853372031,16473975031,2989451031,27898544031,20650174031,"home decoration, wall decoration,ornaments"
Wall Ornament Handmade Detailed Home Decoration Living Room Wall Accessory Bohemian Design Product Wicker Indoor Wall Object,61,colorful,wicker,37x37x5,40x40x8,1,"Handmade products inspired by nature.
The design made of wicker is a wall decoration product.
It can be used for home, garden or balcony wall decoration.
You can clean it with a damp cloth.Product diameters: 37x5 cm",,111,111,127,,127,151,145,155,3,It is a handmade design product.=It is made of natural material.= It is a decorative wall ornament,decoration; bohemian design; wall decoration; home ; livingroom; handmade; wicker; wall mirror; accessory;  decorative; outdoor wall; indoor; bedroom; woman;,eworldpartner,3028634031,4975473051,9757039011,,,6537881051,10532073051,6647137011,handmade_decorative_ornaments,731697031,2896499031,2844263031,20853372031,16473975031,2989451031,27898544031,20650174031,"home decoration, wall decoration,ornaments"
Wall Ornament Set Handmade Detailed Set Of 4 Home Decoration Living Room Bohemian Wall Accessory Mirror Design Product Wicker Indoor Wall Object,"63,64,65,66,67",colorful,wicker,"37x37x2,37x37x2,37x37x2, 37 x37x2,30x30x2",40x40x25,5,"The design made of wicker is a wall decoration product.
Handmade products inspired by nature.
It can be used for home, garden or balcony wall decoration.
There are 5 items in the set
You can clean it with a damp cloth. Product Diameters:37-37-37-37-30 cm",,344,344,373,,373,410,402,437,8,It is a handmade design product.=It is made of natural material.= It is a decorative wall ornament,decoration; bohemian design; wall decoration; home ; livingroom; handmade; wicker; wall mirror; accessory; decorative; outdoor wall; indoor; bedroom; woman;,eworldpartner,3028634031,4975473051,9757039011,,,6537881051,10532073051,6647137011,handmade_decorative_ornaments,731697031,2896499031,2844263031,20853372031,16473975031,2989451031,27898544031,20650174031,"home decoration, wall decoration,ornaments"
Wall Ornament Handmade Orange Detailed Home Decoration Living Room Bohemian Wall Accessory Mirror Design Product Wicker Indoor Wall Object,68,orange,wicker,37x37x5,40x40x8,1,"Handmade products inspired by nature.
The design made of wicker is a wall decoration product.
It can be used for home, garden or balcony wall decoration.
You can clean it with a damp cloth.Product diameters: 37x5 cm",,111,111,127,,127,151,145,155,3,It is a handmade design product.=It is made of natural material.= It is a decorative wall ornament,decoration; bohemian design; wall decoration; home ; livingroom; handmade; wicker; accessory; decorative set; outdoor wall; indoor; bedroom; woman;,eworldpartner,3028634031,4975473051,9757039011,,,6537881051,10532073051,6647137011,handmade_decorative_ornaments,731697031,2896499031,2844263031,20853372031,16473975031,2989451031,27898544031,20650174031,"home decoration, wall decoration,ornaments"
Wall Ornament Set Of 3 Handmade Home Decoration Living Room Bohemian Hand Figure Detailed Wall Accessory Product Wicker Indoor Wall Object,"69,70,71,72",black,wicker,"37x37x2,37x37x2,32x32x2",40x40x15,3,"The design made of wicker is a wall decoration product.
Handmade products inspired by nature. Mirror Details.
It can be used for home, garden or balcony wall decoration.
There are 3 items in the set
You can clean it with a damp cloth.Product diameters: 37-37-32",,334,334,357,,357,390,384,403,5,It is a handmade design product.=It is made of natural material.= It is a decorative wall ornament,decoration; bohemian design; wall decoration; home ; livingroom; handmade; wicker; accessory; decorative; outdoor wall; indoor; bedroom; woman;,eworldpartner,3028634031,4975473051,9757039011,,,6537881051,10532073051,6647137011,handmade_decorative_ornaments,731697031,2896499031,2844263031,20853372031,16473975031,2989451031,27898544031,20650174031,"home decoration, wall decoration,ornaments"
Wall Ornament Set Of 5 Handmade Red Detailed Home Decoration Living Room Bohemian Wall Accessory Mirror Design Product Wicker Indoor Wall Object,"73,74,75,76,77",red,wicker,"37x37x2,37x37x2,37x37x2,30x30x3,25x25x2",40x40x25,5,"The design made of wicker is a wall decoration product.
Handmade products inspired by nature.
It can be used for home, garden or balcony wall decoration.
There are 5 items in the set
You can clean it with a damp cloth. Product Diameters:37-37-37-30-25 cm",,291,291,320,,320,357,349,384,8,It is used for wall decoration.= It is handmade.= It is a special design.,decoration; bohemian design; wall decoration; home ; livingroom; handmade; wicker; red; accessory;  decorative set; outdoor wall; indoor; bedroom; woman;,eworldpartner,3028634031,4975473051,9757039011,,,6537881051,10532073051,6647137011,handmade_decorative_ornaments,731697031,2896499031,2844263031,20853372031,16473975031,2989451031,27898544031,20650174031,"home decoration, wall decoration,ornaments"
Wall Ornament Handmade Detailed Home Decoration Bohemian Living Room Wall Accessory Bohemian Design Product Wicker Indoor Wall Object ,78,white,wicker,37x37x5,40x40x8,1,"Handmade products inspired by nature.
The design made of wicker is a wall decoration product.
It can be used for home, garden or balcony wall decoration.
You can clean it with a damp cloth.Product diameters: 37x5 cm",,119,119,136,,136,160,154,163,3,It is used for wall decoration.= It is handmade.= It is a special design.,decoration; bohemian design; wall decoration; home ; livingroom; handmade; wicker; accessory;  decorative set; outdoor wall; indoor; bedroom; woman;,eworldpartner,3028634031,4975473051,9757039011,,,6537881051,10532073051,6647137011,handmade_decorative_ornaments,731697031,2896499031,2844263031,20853372031,16473975031,2989451031,27898544031,20650174031,"home decoration, wall decoration,ornaments"
Wall Ornament Set Of 3 Handmade Home Decoration Living Room Bohemian Eye Figure Detailed Wall Accessory Product Wicker Indoor Wall Object,"79,80,81,82",blue,wicker,"30x30x2,37x37x2,37x37x2",40x40x15,3,"The design made of wicker is a wall decoration product.
Handmade products inspired by nature. Mirror Details.
It can be used for home, garden or balcony wall decoration.
There are 3 items in the set
You can clean it with a damp cloth. Leaf figure is not included.Product diameters: 37-37-30",,210,210,233,,233,266,260,279,5,It is used for wall decoration.= It is handmade.= It is a special design.,decoration; bohemian design; wall decoration; home ; livingroom; handmade; wicker; accessory;  decorative set; outdoor wall; indoor; bedroom; woman;,eworldpartner,3028634031,4975473051,9757039011,,,6537881051,10532073051,6647137011,handmade_decorative_ornaments,731697031,2896499031,2844263031,20853372031,16473975031,2989451031,27898544031,20650174031,"home decoration, wall decoration,ornaments"
Wall Ornament Set Of 3 Handmade Home Decoration Living Room Bohemian Yellow Detailed Wall Accessory Product Wicker Indoor Wall Object,83,yellow,wicker,"37x37x2,37x37x2,37x37x2",40x40x16,3,"The design made of wicker is a wall decoration product.
Handmade products inspired by nature. Mirror Details.
It can be used for home, garden or balcony wall decoration.
There are 3 items in the set
You can clean it with a damp cloth. Product diameters: 37-37-37 cm",,173,173,198,,198,231,225,245,5,It is used for wall decoration.= It is handmade.= It is a special design.,handmade; design; decoration; wall decoration; home; wicker; indoor; accessory; decorative; bohemian; living room; garden decoration; outdoor decoration; women; gift;,eworldpartner,3028634031,4975473051,9757039011,,,6537881051,10532073051,6647137011,handmade_decorative_ornaments,731697031,2896499031,2844263031,20853372031,16473975031,2989451031,27898544031,20650174031,"home decoration, wall decoration,ornaments"
Wall Ornament Set of 4 Handmade Detailed Home Decoration Living Room Wall Accessory Mirror Design Product Wicker Indoor Wall Object,"84,85,86",black,wicker,"37x37x2,37x37x2,37x37x2,25x25x2",40x40x20,4,"Handmade products inspired by nature.
The design made of wicker is a wall decoration product.
It has mirror detail.
It adds style and elegance to your home.
Set includes 4 pieces of product.
You can clean it with a damp cloth.Product diameters: 37-37-37-25 cm",,269,269,297,,297,332,325,355,7,It is used for wall decoration.= It is handmade.= It is a special design.,handmade; design; decoration; wall decoration; home; wicker; indoor; accessory; decorative; bohemian; living room; garden decoration; outdoor decoration; women; gift;,eworldpartner,3028634031,4975473051,9757039011,,,6537881051,10532073051,6647137011,handmade_decorative_ornaments,731697031,2896499031,2844263031,20853372031,16473975031,2989451031,27898544031,20650174031,"home decoration, wall decoration,ornaments"
Wall Ornament Handmade Detailed Home Decoration Bohemian Living Room Wall Accessory Bohemian Eye Design Product Wicker Indoor Wall Object  37x5 cm,87,brown,wicker,37x37x5,40x40x8,1,"Handmade products inspired by nature.
The design made of wicker is a wall decoration product.
It can be used for home, garden or balcony wall decoration.
You can clean it with a damp cloth.Product diameters: 37x5 cm",,107,107,123,,123,147,141,151,3,Handmade decoration product.=Made from natural material.=Easy to clean.,handmade; design; decoration; wall decoration; home; wicker; indoor; accessory; decorative; bohemian; living room; garden decoration; outdoor decoration; women; gift;,eworldpartner,3028634031,4975473051,9757039011,,,6537881051,10532073051,6647137011,handmade_decorative_ornaments,731697031,2896499031,2844263031,20853372031,16473975031,2989451031,27898544031,20650174031,"home decoration, wall decoration,ornaments"